run_id,timestamp,dataset_name,split,domain,student_name,student_backbone,student_ckpt,train_method,image_id,image_path,condition,student_miou,student_risk,student_pixel_acc,student_msp,student_msp_std,student_entropy,student_entropy_std,temp_msp,temp_entropy,energy_score,max_logit,low_conf_frac_050,low_conf_frac_070,n_valid_pixels,student_latency_ms,guardrail_latency_ms,teacher_latency_ms,student_miou_near,student_risk_near,n_near_pixels,student_miou_dynamic,student_risk_dynamic,n_dynamic_pixels,mc_entropy,mc_mutual_info,mc_dropout_latency_ms,ensemble_entropy,guardrailpp_utility_dense_bce,guardrailpp_keep_dense_bce,guardrailpp_utility_dense_bce_q90,guardrailpp_utility_dense_bce_q95,guardrailpp_utility_dense_gap_raw,guardrailpp_utility_dense_gap,guardrailpp_keep_dense_gap,guardrailpp_utility_dense_gap_q90,guardrailpp_utility_dense_gap_q95,guardrailpp_utility_scalar,guardrailpp_utility,guardrailpp_keep,guardrail_risk,guardrail_keep,teacher_miou,teacher_risk,teacher_pixel_acc,teacher_miou_near,teacher_risk_near,teacher_benefit_near,teacher_miou_dynamic,teacher_risk_dynamic,teacher_benefit_dynamic,teacher_gain,teacher_benefit,teacher_gap,student_better_gap,oracle_keep,oracle_fail,disagreement_rate,confident_wrong_teacher_right,n_confident_pixels
bdd_b1_skd,2026-07-09 22:08:48,bdd,val,in_domain,student_skd,/scratch/gautschi/manors/hf_cache/hub/models--nvidia--mit-b1/snapshots/13ddceec4e8bdf401e7cd7acf5aebc526222518c,runs/mit-b1_skd_j9200315/student_skd.ckpt,skd,img_000000,/home/manors/Guardrail-Distillation/data/bdd100k/seg/images/val/7d06fefd-f7be05a6.jpg,,0.5460509351272876,0.45394906487271236,0.9373070001602173,0.9652564525604248,0.09218457341194153,0.09977920353412628,0.20896382629871368,0.8994340896606445,0.333327054977417,-5.137285232543945,5.095761299133301,0.006285387556999922,0.039502084255218506,447546,9.777913510333747,67.84273125231266,33.07614877121523,0.48208985789588565,0.5179101421041143,107718,0.9854564403808802,0.014543559619119795,21109,0.1017524003982544,0.001035368419252336,32.612049486488104,0.11511435359716415,0.06211188808083534,0.9378881119191647,0.2000436782836914,0.3051348328590393,0.05109664425253868,0.5127713680267334,0.4872286319732666,0.5482429265975952,0.5788297653198242,0.5055986642837524,0.5127713680267334,0.4872286319732666,0.5127713680267334,0.4872286319732666,0.5032528254862737,0.4967471745137263,0.9566391110420227,0.7174872842870467,0.28251271571295333,0.235397426391161,0.4833720214126676,0.5166279785873324,0.0,0.0,0.0,0.035649966448545456,0.016317876055836678,1.0,0.0,0.054821182042360306,0.01990186609327793,404801
bdd_b1_skd,2026-07-09 22:08:48,bdd,val,in_domain,student_skd,/scratch/gautschi/manors/hf_cache/hub/models--nvidia--mit-b1/snapshots/13ddceec4e8bdf401e7cd7acf5aebc526222518c,runs/mit-b1_skd_j9200315/student_skd.ckpt,skd,img_000001,/home/manors/Guardrail-Distillation/data/bdd100k/seg/images/val/7d128593-0ccfea4c.jpg,,0.3361745419501572,0.6638254580498428,0.8749971985816956,0.9338787198066711,0.14151977002620697,0.17133767902851105,0.3289375305175781,0.8644846081733704,0.41181984543800354,-5.868044376373291,5.783358573913574,0.02788407728075981,0.09327378869056702,439534,9.777913510333747,67.84273125231266,33.07614877121523,1.0,0.0,98637,0.29988870034849563,0.7001112996515044,59853,0.17307519912719727,0.0012564754579216242,32.612049486488104,0.23932424187660217,0.09975308179855347,0.9002469182014465,0.3820893466472626,0.46627137064933777,0.06822088360786438,0.5170485973358154,0.48295140266418457,0.5958975553512573,0.6264064311981201,0.5657318830490112,0.5170485973358154,0.48295140266418457,0.5170485973358154,0.48295140266418457,0.4002373159676383,0.5997626840323618,0.8989884853363037,1.0,0.0,0.0,0.3665427915619193,0.6334572084380807,0.0666540912134237,0.06406277401748106,0.06406277401748106,0.04140976816415787,0.017418447881937027,0.9359372259825189,0.06406277401748106,0.08991341292858124,0.007869699038565159,357302
bdd_b1_skd,2026-07-09 22:08:48,bdd,val,in_domain,student_skd,/scratch/gautschi/manors/hf_cache/hub/models--nvidia--mit-b1/snapshots/13ddceec4e8bdf401e7cd7acf5aebc526222518c,runs/mit-b1_skd_j9200315/student_skd.ckpt,skd,img_000002,/home/manors/Guardrail-Distillation/data/bdd100k/seg/images/val/7d15b18b-1e0d6e3f.jpg,,0.30815550663809116,0.6918444933619088,0.689603865146637,0.9466956257820129,0.11314155906438828,0.13802550733089447,0.2405012547969818,0.8720881342887878,0.40018999576568604,-3.930325984954834,3.8662612438201904,0.005859739147126675,0.06595750898122787,423227,9.777913510333747,67.84273125231266,33.07614877121523,0.058112857476712014,0.941887142523288,74775,0.4907522221575044,0.5092477778424955,23586,0.1411478966474533,0.0019835075363516808,32.612049486488104,0.19465677440166473,0.18327975273132324,0.8167202472686768,0.5406131148338318,0.616808295249939,0.3337324857711792,0.5826672315597534,0.4173327684402466,0.7355325818061829,0.7991913557052612,0.486288458108902,0.5826672315597534,0.4173327684402466,0.5826672315597534,0.4173327684402466,0.5092845200414192,0.4907154799585808,0.9267343282699585,0.48295786072867436,0.5170421392713256,0.4248450032519624,0.45356710412230583,0.5464328958776942,0.0,0.201129013403328,0.201129013403328,0.24734006822109222,0.010209650732576847,0.798870986596672,0.201129013403328,0.26377570629119873,0.1662464737892151,353246
bdd_b1_skd,2026-07-09 22:08:48,bdd,val,in_domain,student_skd,/scratch/gautschi/manors/hf_cache/hub/models--nvidia--mit-b1/snapshots/13ddceec4e8bdf401e7cd7acf5aebc526222518c,runs/mit-b1_skd_j9200315/student_skd.ckpt,skd,img_000003,/home/manors/Guardrail-Distillation/data/bdd100k/seg/images/val/7d209219-ccdc1a09.jpg,,0.31459164026255193,0.6854083597374481,0.6985299587249756,0.947102963924408,0.11541212350130081,0.1367565393447876,0.24884743988513947,0.8826038837432861,0.336370587348938,-6.434064865112305,6.369943141937256,0.008520042523741722,0.06767955422401428,484622,9.777913510333747,67.84273125231266,33.07614877121523,0.94797472090837,0.05202527909163002,136304,0.4770640776699029,0.5229359223300971,64395,0.138787180185318,0.0013543952954933047,32.612049486488104,0.1552242785692215,0.07261953502893448,0.9273804649710655,0.2681888937950134,0.3563523292541504,0.033606018871068954,0.5084007382392883,0.49159926176071167,0.549787163734436,0.579825758934021,0.5384329557418823,0.5084007382392883,0.49159926176071167,0.5084007382392883,0.49159926176071167,0.3255508642033458,0.6744491357966542,0.6924117803573608,0.9473522811565258,0.05264771884347419,0.0,0.4745254590077356,0.5254745409922644,0.0,0.01095922394079385,0.01095922394079385,0.012516971677541733,0.018635142594575882,0.9890407760592062,0.01095922394079385,0.07438993453979492,0.0005365005927160382,406356
bdd_b1_skd,2026-07-09 22:08:48,bdd,val,in_domain,student_skd,/scratch/gautschi/manors/hf_cache/hub/models--nvidia--mit-b1/snapshots/13ddceec4e8bdf401e7cd7acf5aebc526222518c,runs/mit-b1_skd_j9200315/student_skd.ckpt,skd,img_000004,/home/manors/Guardrail-Distillation/data/bdd100k/seg/images/val/7d22891c-224788c0.jpg,,0.1531965248469816,0.8468034751530185,0.2487582564353943,0.8903824687004089,0.13807348906993866,0.31139594316482544,0.29652246832847595,0.7191552519798279,0.9017824530601501,-2.6138551235198975,2.4830524921417236,0.013240541331470013,0.12606069445610046,141535,9.547699009999633,21.93072729278356,32.95147244352847,0.15880536171338328,0.8411946382866167,42847,0.6468732394366197,0.3531267605633803,8875,0.31821006536483765,0.0038648475892841816,33.134056720882654,0.5616155862808228,0.3629041016101837,0.6370958983898163,0.673491358757019,0.7270717620849609,0.9102209210395813,0.7130453586578369,0.2869546413421631,0.8953635096549988,0.9248159527778625,0.4847453236579895,0.7130453586578369,0.2869546413421631,0.7130453586578369,0.2869546413421631,0.36906859071291703,0.630931409287083,0.9629066586494446,1.0,0.0,0.8411946382866167,0.3244507042253521,0.6755492957746478,0.0,0.21587206586593544,0.21587206586593544,0.7194333672523499,0.0052849119529128075,0.7841279341340646,0.21587206586593544,0.7493976354598999,0.5174762606620789,90983
bdd_b1_skd,2026-07-09 22:08:48,bdd,val,in_domain,student_skd,/scratch/gautschi/manors/hf_cache/hub/models--nvidia--mit-b1/snapshots/13ddceec4e8bdf401e7cd7acf5aebc526222518c,runs/mit-b1_skd_j9200315/student_skd.ckpt,skd,img_000005,/home/manors/Guardrail-Distillation/data/bdd100k/seg/images/val/7d2f7975-e0c1c5a7.jpg,,0.2438928788157918,0.7561071211842082,0.5241149663925171,0.9340670704841614,0.12274914234876633,0.17591995000839233,0.26508989930152893,0.8440607190132141,0.4719002842903137,-4.293440818786621,4.214111328125,0.009631725028157234,0.08173894137144089,336596,9.547699009999633,21.93072729278356,32.95147244352847,0.012513957876092566,0.9874860421239074,8657,0.37724679915034526,0.6227532008496548,203917,0.18035191297531128,0.0028917165473103523,33.134056720882654,0.3384782671928406,0.23900380730628967,0.7609961926937103,0.4979363977909088,0.5514448881149292,0.3770523965358734,0.593161940574646,0.406838059425354,0.7151684761047363,0.7650399804115295,0.521512508392334,0.593161940574646,0.406838059425354,0.593161940574646,0.406838059425354,0.2750675241822168,0.7249324758177832,0.721137523651123,1.0,0.0,0.9874860421239074,0.3483908136698041,0.6516091863301958,0.0,0.031174645366425002,0.031174645366425002,0.26005953550338745,0.06303699314594269,0.968825354633575,0.031174645366425002,0.33436521887779236,0.2036476880311966,268482
bdd_b1_skd,2026-07-09 22:08:48,bdd,val,in_domain,student_skd,/scratch/gautschi/manors/hf_cache/hub/models--nvidia--mit-b1/snapshots/13ddceec4e8bdf401e7cd7acf5aebc526222518c,runs/mit-b1_skd_j9200315/student_skd.ckpt,skd,img_000006,/home/manors/Guardrail-Distillation/data/bdd100k/seg/images/val/7d35e395-ae41f911.jpg,,0.287057308652173,0.712942691347827,0.8782364726066589,0.9475598335266113,0.12817628681659698,0.14429089426994324,0.32081589102745056,0.8896837830543518,0.3447432219982147,-6.398309230804443,6.33132266998291,0.020861167460680008,0.07363801449537277,488036,9.547699009999633,21.93072729278356,32.95147244352847,0.09635778755260084,0.9036422124473992,141532,0.30330204492122026,0.6966979550787797,8786,0.14640428125858307,0.0014614000683650374,33.134056720882654,0.1760478913784027,0.08377260714769363,0.9162273928523064,0.37941640615463257,0.46266454458236694,0.06905034184455872,0.5172557234764099,0.4827442765235901,0.5983909368515015,0.6304956078529358,0.5525657534599304,0.5172557234764099,0.4827442765235901,0.5172557234764099,0.4827442765235901,0.3566576567049893,0.6433423432950107,0.9480428099632263,0.27416336247726314,0.7258366375227369,0.1778055749246623,0.4530099441425713,0.5469900558574288,0.14970789922135097,0.06960034805281623,0.06960034805281623,0.0784388855099678,0.008632560260593891,0.9303996519471838,0.06960034805281623,0.10889770835638046,0.015648435801267624,413242
bdd_b1_skd,2026-07-09 22:08:48,bdd,val,in_domain,student_skd,/scratch/gautschi/manors/hf_cache/hub/models--nvidia--mit-b1/snapshots/13ddceec4e8bdf401e7cd7acf5aebc526222518c,runs/mit-b1_skd_j9200315/student_skd.ckpt,skd,img_000007,/home/manors/Guardrail-Distillation/data/bdd100k/seg/images/val/7d4a9094-0455564b.jpg,,0.3691700198943344,0.6308299801056656,0.9475074410438538,0.981022834777832,0.07123413681983948,0.05137190222740173,0.1588510423898697,0.9489617347717285,0.17168734967708588,-6.731518745422363,6.708758354187012,0.0025961033534258604,0.022110285237431526,483802,9.547699009999633,21.93072729278356,32.95147244352847,0.4506699188167603,0.5493300811832398,135855,0.37737007424328955,0.6226299257567105,35143,0.05252407491207123,0.0006257658242247999,33.134056720882654,0.06148415431380272,0.03952714800834656,0.9604728519916534,0.1483742743730545,0.2892811894416809,0.01066549401730299,0.5026663541793823,0.4973336458206177,0.5327528715133667,0.5751584768295288,0.5355533361434937,0.5026663541793823,0.4973336458206177,0.5026663541793823,0.4973336458206177,0.3820973121173455,0.6179026878826546,0.949704647064209,0.4492280962071904,0.5507719037928096,0.0,0.38683027404713494,0.613169725952865,0.009460199803845493,0.012927292223011033,0.012927292223011033,0.008059082552790642,0.005861902143806219,0.987072707776989,0.012927292223011033,0.01683126576244831,0.0005994187667965889,455999
bdd_b1_skd,2026-07-09 22:08:49,bdd,val,in_domain,student_skd,/scratch/gautschi/manors/hf_cache/hub/models--nvidia--mit-b1/snapshots/13ddceec4e8bdf401e7cd7acf5aebc526222518c,runs/mit-b1_skd_j9200315/student_skd.ckpt,skd,img_000008,/home/manors/Guardrail-Distillation/data/bdd100k/seg/images/val/7d5040af-1a6f933f.jpg,,0.45561022155396824,0.5443897784460318,0.9119119048118591,0.9606560468673706,0.09558237344026566,0.10685858130455017,0.21014420688152313,0.8975532650947571,0.3272680640220642,-5.69738245010376,5.65079402923584,0.0035475322511047125,0.04267338663339615,504858,9.571781498380005,21.92207472398877,33.14901702105999,0.4253378131309289,0.5746621868690711,175104,0.8017917133258678,0.19820828667413215,50901,0.10932759195566177,0.0013245349982753396,32.64625195879489,0.14147038757801056,0.08525548875331879,0.9147445112466812,0.3269537687301636,0.43006283044815063,0.06293680518865585,0.5157290101051331,0.48427098989486694,0.5820558071136475,0.6224187016487122,0.5358507037162781,0.5157290101051331,0.48427098989486694,0.5157290101051331,0.48427098989486694,0.4477478990864793,0.5522521009135207,0.9441546201705933,0.5370311885493811,0.46296881145061886,0.11169337541845226,0.9596471582090725,0.04035284179092746,0.1578554448832047,0.0,0.0,0.04691022261977196,0.014667491428554058,1.0,0.0,0.06454092264175415,0.018292272463440895,441271
bdd_b1_skd,2026-07-09 22:08:49,bdd,val,in_domain,student_skd,/scratch/gautschi/manors/hf_cache/hub/models--nvidia--mit-b1/snapshots/13ddceec4e8bdf401e7cd7acf5aebc526222518c,runs/mit-b1_skd_j9200315/student_skd.ckpt,skd,img_000009,/home/manors/Guardrail-Distillation/data/bdd100k/seg/images/val/7d6c1119-00000000.jpg,,0.46835935620159724,0.5316406437984027,0.9510130286216736,0.978818416595459,0.07618734985589981,0.05484980344772339,0.16260097920894623,0.9460873007774353,0.17468057572841644,-6.715747833251953,6.690216064453125,0.002485583769157529,0.026470914483070374,452610,9.571781498380005,21.92207472398877,33.14901702105999,0.7911139655761037,0.2088860344238963,110037,0.8385486933283092,0.16145130667169083,72796,0.05593246594071388,0.0007055906462483108,32.64625195879489,0.06237143650650978,0.02632403001189232,0.9736759699881077,0.09329885244369507,0.1751037985086441,-0.009223468601703644,0.49769413471221924,0.5023058652877808,0.5155287384986877,0.534949541091919,0.5118278861045837,0.49769413471221924,0.5023058652877808,0.49769413471221924,0.5023058652877808,0.6317422872832332,0.36825771271676677,0.9707584977149963,0.9318888221519035,0.0681111778480965,0.1407748565757998,0.9305661129018509,0.06943388709814913,0.0920174195735417,0.16338293108163593,0.16338293108163593,0.025763902813196182,0.006018426734954119,0.8366170689183641,0.16338293108163593,0.03333554416894913,0.009920240379869938,424007
bdd_b1_skd,2026-07-09 22:08:49,bdd,val,in_domain,student_skd,/scratch/gautschi/manors/hf_cache/hub/models--nvidia--mit-b1/snapshots/13ddceec4e8bdf401e7cd7acf5aebc526222518c,runs/mit-b1_skd_j9200315/student_skd.ckpt,skd,img_000010,/home/manors/Guardrail-Distillation/data/bdd100k/seg/images/val/7d6eb8b3-208131ff.jpg,,0.07105862930174565,0.9289413706982543,0.3493492305278778,0.9770534038543701,0.06437454372644424,0.08112268894910812,0.1671454906463623,0.8865559697151184,0.46589723229408264,-3.5228445529937744,3.4968419075012207,0.0011845568660646677,0.016422931104898453,410280,9.571781498380005,21.92207472398877,33.14901702105999,0.49858647807429507,0.501413521925705,108594,0.005812263876780006,0.99418773612322,6882,0.0830247774720192,0.0006585081573575735,32.64625195879489,0.07582283765077591,0.2566327154636383,0.7433672845363617,0.6634740233421326,0.7360409498214722,0.7570706009864807,0.6807173490524292,0.3192826509475708,0.9059469103813171,0.9348572492599487,0.540489673614502,0.6807173490524292,0.3192826509475708,0.6807173490524292,0.3192826509475708,0.13618840010275107,0.8638115998972489,0.6013527512550354,0.07553824336519513,0.9244617566348049,0.0,0.10403952339436211,0.8959604766056379,0.09822725951758204,0.06512977080100546,0.06512977080100546,0.4599127471446991,0.2079092264175415,0.9348702291989945,0.06512977080100546,0.8516817688941956,0.45580822229385376,384900
bdd_b1_skd,2026-07-09 22:08:49,bdd,val,in_domain,student_skd,/scratch/gautschi/manors/hf_cache/hub/models--nvidia--mit-b1/snapshots/13ddceec4e8bdf401e7cd7acf5aebc526222518c,runs/mit-b1_skd_j9200315/student_skd.ckpt,skd,img_000011,/home/manors/Guardrail-Distillation/data/bdd100k/seg/images/val/7d83710e-4697c3b2.jpg,,0.4091326581974846,0.5908673418025154,0.751228392124176,0.9044433832168579,0.14818428456783295,0.24021698534488678,0.31055039167404175,0.8045211434364319,0.5475309491157532,-4.911707878112793,4.793909072875977,0.02235467918217182,0.12777179479599,399290,9.571781498380005,21.92207472398877,33.14901702105999,0.29407552244308005,0.70592447755692,96710,0.9727434512473071,0.0272565487526929,32029,0.2430027276277542,0.001973660895600915,32.64625195879489,0.2506568133831024,0.14725624024868011,0.8527437597513199,0.4422132968902588,0.5720910429954529,0.16131320595741272,0.5402410626411438,0.4597589373588562,0.6207636594772339,0.7350311875343323,0.5259283781051636,0.5402410626411438,0.4597589373588562,0.5402410626411438,0.4597589373588562,0.4384810750380032,0.5615189249619967,0.7169650793075562,0.11952427850879134,0.8804757214912087,0.0,0.9640013737550345,0.035998626244965526,0.0,0.0293484168405187,0.0293484168405187,0.05898219347000122,0.0932455062866211,0.9706515831594813,0.0293484168405187,0.16755740344524384,0.014102531597018242,283603
bdd_b1_skd,2026-07-09 22:08:49,bdd,val,in_domain,student_skd,/scratch/gautschi/manors/hf_cache/hub/models--nvidia--mit-b1/snapshots/13ddceec4e8bdf401e7cd7acf5aebc526222518c,runs/mit-b1_skd_j9200315/student_skd.ckpt,skd,img_000012,/home/manors/Guardrail-Distillation/data/bdd100k/seg/images/val/7d89b471-5b76bdb4.jpg,,0.4162657640685235,0.5837342359314766,0.918996274471283,0.9637386798858643,0.10655954480171204,0.09833325445652008,0.259090781211853,0.9186506271362305,0.2555352747440338,-6.751810550689697,6.706140518188477,0.013462201692163944,0.049382489174604416,490113,9.551423718221486,22.046266007237136,33.08835148345679,0.34614359145586204,0.653856408544138,165289,0.48877186660551664,0.5112281333944834,61052,0.10009139031171799,0.00118946039583534,32.630012021400034,0.1132146418094635,0.05610460415482521,0.9438953958451748,0.21261295676231384,0.35373926162719727,0.019315877929329872,0.5048288106918335,0.4951711893081665,0.539071261882782,0.581754207611084,0.5162531137466431,0.5048288106918335,0.4951711893081665,0.5048288106918335,0.4951711893081665,0.45239799684452475,0.5476020031554752,0.9290021061897278,0.5064487722417321,0.4935512277582679,0.16030518078587008,0.49226018870397065,0.5077398112960294,0.0034883220984539554,0.036132232776001305,0.036132232776001305,0.017663273960351944,0.00765741802752018,0.9638677672239987,0.036132232776001305,0.04971098527312279,0.0030543976463377476,439351
bdd_b1_skd,2026-07-09 22:08:49,bdd,val,in_domain,student_skd,/scratch/gautschi/manors/hf_cache/hub/models--nvidia--mit-b1/snapshots/13ddceec4e8bdf401e7cd7acf5aebc526222518c,runs/mit-b1_skd_j9200315/student_skd.ckpt,skd,img_000013,/home/manors/Guardrail-Distillation/data/bdd100k/seg/images/val/7d97d173-09388af3.jpg,,0.3376259478288692,0.6623740521711308,0.8907365202903748,0.9445405602455139,0.12151559442281723,0.15322208404541016,0.2783689796924591,0.8533826470375061,0.49727001786231995,-4.682878494262695,4.61469841003418,0.013417835347354412,0.07524890452623367,465947,9.551423718221486,22.046266007237136,33.08835148345679,0.34675171196785415,0.6532482880321459,125940,0.0,1.0,347,0.15568864345550537,0.0013995206682011485,32.630012021400034,0.23314744234085083,0.11377368867397308,0.8862263113260269,0.3485041856765747,0.4351826012134552,0.08278025686740875,0.520683228969574,0.479316771030426,0.5881526470184326,0.6235909461975098,0.5448406934738159,0.520683228969574,0.479316771030426,0.520683228969574,0.479316771030426,0.5889646156723781,0.4110353843276219,0.9641161561012268,0.8825511376311734,0.11744886236882657,0.5357994256633193,0.760806916426513,0.239193083573487,0.760806916426513,0.2513386678435089,0.2513386678435089,0.07930086553096771,0.005921274423599243,0.7486613321564911,0.2513386678435089,0.08770310878753662,0.02496206760406494,391711
bdd_b1_skd,2026-07-09 22:08:49,bdd,val,in_domain,student_skd,/scratch/gautschi/manors/hf_cache/hub/models--nvidia--mit-b1/snapshots/13ddceec4e8bdf401e7cd7acf5aebc526222518c,runs/mit-b1_skd_j9200315/student_skd.ckpt,skd,img_000014,/home/manors/Guardrail-Distillation/data/bdd100k/seg/images/val/7daa6479-67988f3f.jpg,,0.177045659017894,0.822954340982106,0.579383373260498,0.9244783520698547,0.13552333414554596,0.17653872072696686,0.26274144649505615,0.8472224473953247,0.4323069751262665,-4.836297512054443,4.74407434463501,0.005420466419309378,0.1102718785405159,466565,9.551423718221486,22.046266007237136,33.08835148345679,0.2328524476067016,0.7671475523932985,145712,0.16394689833446963,0.8360531016655304,128446,0.1785116046667099,0.0012395145604386926,32.630012021400034,0.24026551842689514,0.13070887327194214,0.8692911267280579,0.4007422626018524,0.4630899727344513,0.15992803871631622,0.5398970246315002,0.46010297536849976,0.6321253776550293,0.6788861751556396,0.49559327960014343,0.5398970246315002,0.46010297536849976,0.5398970246315002,0.46010297536849976,0.2556334394726223,0.7443665605273777,0.7545786499977112,0.5789603180092385,0.42103968199076147,0.346107870402537,0.22387847415983564,0.7761215258401644,0.05993157582536601,0.07858778045472825,0.07858778045472825,0.18232829868793488,0.0071329823695123196,0.9214122195452717,0.07858778045472825,0.20929774641990662,0.0668824315071106,359794
bdd_b1_skd,2026-07-09 22:08:49,bdd,val,in_domain,student_skd,/scratch/gautschi/manors/hf_cache/hub/models--nvidia--mit-b1/snapshots/13ddceec4e8bdf401e7cd7acf5aebc526222518c,runs/mit-b1_skd_j9200315/student_skd.ckpt,skd,img_000015,/home/manors/Guardrail-Distillation/data/bdd100k/seg/images/val/7dc08598-f42e2015.jpg,,0.509499429035134,0.490500570964866,0.8855626583099365,0.9488130807876587,0.1128963828086853,0.1305001825094223,0.24245749413967133,0.8843376636505127,0.3434893786907196,-5.3717122077941895,5.309858798980713,0.006120489910244942,0.06480944156646729,442775,9.551423718221486,22.046266007237136,33.08835148345679,0.8464103253660701,0.15358967463392992,103993,0.459920840274666,0.540079159725334,107261,0.13254773616790771,0.0014316410524770617,32.630012021400034,0.1359144151210785,0.07961853593587875,0.9203814640641212,0.2732822597026825,0.35424256324768066,0.059725794941186905,0.5149270296096802,0.4850729703903198,0.5653406977653503,0.5890896916389465,0.4964850842952728,0.5149270296096802,0.4850729703903198,0.5149270296096802,0.4850729703903198,0.5321959920592103,0.4678040079407897,0.9222832918167114,0.9025260970431467,0.09747390295685332,0.0561157716770766,0.35637203006239654,0.6436279699376035,0.0,0.0226965630240763,0.0226965630240763,0.045366156846284866,0.00864547397941351,0.9773034369759237,0.0226965630240763,0.07262153178453445,0.012737846001982689,371377
bdd_b1_skd,2026-07-09 22:08:50,bdd,val,in_domain,student_skd,/scratch/gautschi/manors/hf_cache/hub/models--nvidia--mit-b1/snapshots/13ddceec4e8bdf401e7cd7acf5aebc526222518c,runs/mit-b1_skd_j9200315/student_skd.ckpt,skd,img_000016,/home/manors/Guardrail-Distillation/data/bdd100k/seg/images/val/7dca6982-6971d025.jpg,,0.3488802084683154,0.6511197915316846,0.9455735683441162,0.9704613089561462,0.0991658940911293,0.07679580897092819,0.23363174498081207,0.9380398988723755,0.1931726336479187,-6.761511325836182,6.723963260650635,0.011490247212350368,0.04298907145857811,510781,9.563706524204463,22.144494228996336,33.202747465111315,0.2282672189924449,0.7717327810075552,167708,0.28758949880668255,0.7124105011933175,925,0.07787645608186722,0.0007637540111318231,32.63493976555765,0.0885574221611023,0.04192888364195824,0.9580711163580418,0.17666542530059814,0.3239552080631256,0.0101529685780406,0.5025382041931152,0.49746179580688477,0.5345304012298584,0.5830080509185791,0.5504443049430847,0.5025382041931152,0.49746179580688477,0.5025382041931152,0.49746179580688477,0.40285405646908357,0.5971459435309164,0.8894105553627014,0.23379274065329383,0.7662072593467062,0.005525521660848964,0.3351409978308026,0.6648590021691974,0.04755149902412015,0.05397384800076821,0.05397384800076821,0.012839161790907383,0.0690021738409996,0.9460261519992318,0.05397384800076821,0.09422825276851654,0.0008085657027550042,468056
bdd_b1_skd,2026-07-09 22:08:50,bdd,val,in_domain,student_skd,/scratch/gautschi/manors/hf_cache/hub/models--nvidia--mit-b1/snapshots/13ddceec4e8bdf401e7cd7acf5aebc526222518c,runs/mit-b1_skd_j9200315/student_skd.ckpt,skd,img_000017,/home/manors/Guardrail-Distillation/data/bdd100k/seg/images/val/7dd1669f-5a249967.jpg,,0.3680271901790234,0.6319728098209766,0.8041115999221802,0.9305899739265442,0.13993878662586212,0.18326187133789062,0.3279094398021698,0.8561025261878967,0.43346694111824036,-5.680057525634766,5.592790126800537,0.02252322807908058,0.09944513440132141,395414,9.563706524204463,22.144494228996336,33.202747465111315,1.0,0.0,49785,0.3642376648825714,0.6357623351174286,16162,0.1860949844121933,0.0018162851920351386,32.63493976555765,0.18528436124324799,0.10273132473230362,0.8972686752676964,0.38099971413612366,0.4659629762172699,0.0828949362039566,0.5207118988037109,0.47928810119628906,0.606592059135437,0.6323060989379883,0.5586276650428772,0.5207118988037109,0.47928810119628906,0.5207118988037109,0.47928810119628906,0.357468614648222,0.642531385351778,0.8097714781761169,1.0,0.0,0.0,0.34823023359329486,0.6517697664067051,0.0,0.0,0.0,0.03593195974826813,0.030272068455815315,1.0,0.0,0.09024970978498459,0.006810583174228668,314496
bdd_b1_skd,2026-07-09 22:08:50,bdd,val,in_domain,student_skd,/scratch/gautschi/manors/hf_cache/hub/models--nvidia--mit-b1/snapshots/13ddceec4e8bdf401e7cd7acf5aebc526222518c,runs/mit-b1_skd_j9200315/student_skd.ckpt,skd,img_000018,/home/manors/Guardrail-Distillation/data/bdd100k/seg/images/val/7de0a101-68335d0a.jpg,,0.3984333166963519,0.6015666833036482,0.9595549702644348,0.9708104729652405,0.0908927395939827,0.07909473031759262,0.21046912670135498,0.9290845394134521,0.2238013595342636,-7.356380462646484,7.320675373077393,0.006878028158098459,0.036800891160964966,392409,9.563706524204463,22.144494228996336,33.202747465111315,0.4302795430046749,0.5697204569953251,104090,0.3075949845154468,0.6924050154845531,17823,0.08041635155677795,0.0007640141993761063,32.63493976555765,0.08560842275619507,0.04105729982256889,0.9589427001774311,0.15936444699764252,0.2819172739982605,0.010817017406225204,0.5027042031288147,0.4972957968711853,0.5245150327682495,0.5633959174156189,0.5247487425804138,0.5027042031288147,0.4972957968711853,0.5027042031288147,0.4972957968711853,0.459713224840768,0.540286775159232,0.9644911885261536,0.44684397729063347,0.5531560227093666,0.01656443428595855,0.31004760807801585,0.6899523919219841,0.002452623562569034,0.061279908144416195,0.061279908144416195,0.015132171101868153,0.01019599474966526,0.9387200918555838,0.061279908144416195,0.02946670539677143,0.0027012634091079235,358324
bdd_b1_skd,2026-07-09 22:08:50,bdd,val,in_domain,student_skd,/scratch/gautschi/manors/hf_cache/hub/models--nvidia--mit-b1/snapshots/13ddceec4e8bdf401e7cd7acf5aebc526222518c,runs/mit-b1_skd_j9200315/student_skd.ckpt,skd,img_000019,/home/manors/Guardrail-Distillation/data/bdd100k/seg/images/val/7de7130e-3d65b555.jpg,,0.3966262138326581,0.6033737861673418,0.7783656716346741,0.948430061340332,0.11684031784534454,0.12864147126674652,0.25212499499320984,0.8915823698043823,0.3143903315067291,-5.705097675323486,5.642071723937988,0.008276423439383507,0.06995824724435806,473997,9.563706524204463,22.144494228996336,33.202747465111315,0.7455700235960756,0.2544299764039244,145261,0.2984136145800539,0.7015863854199461,38116,0.13039705157279968,0.0012500062584877014,32.63493976555765,0.14754419028759003,0.11480057239532471,0.8851994276046753,0.4140000641345978,0.5538444519042969,0.25573238730430603,0.5635868906974792,0.43641310930252075,0.662121057510376,0.8810063600540161,0.537360668182373,0.5635868906974792,0.43641310930252075,0.5635868906974792,0.43641310930252075,0.49745709368805296,0.5025429063119471,0.8256592750549316,0.9468673734076494,0.05313262659235063,0.20129734981157377,0.4897287228460489,0.510271277153951,0.19131510826599507,0.10083087985539474,0.10083087985539474,0.05770711600780487,0.01041356846690178,0.8991691201446053,0.10083087985539474,0.07513760775327682,0.017664669081568718,400094
bdd_b1_skd,2026-07-09 22:08:50,bdd,val,in_domain,student_skd,/scratch/gautschi/manors/hf_cache/hub/models--nvidia--mit-b1/snapshots/13ddceec4e8bdf401e7cd7acf5aebc526222518c,runs/mit-b1_skd_j9200315/student_skd.ckpt,skd,img_000020,/home/manors/Guardrail-Distillation/data/bdd100k/seg/images/val/7df23ae0-00000000.jpg,,0.3748393777055642,0.6251606222944358,0.7904776334762573,0.9259012937545776,0.1384134143590927,0.19312074780464172,0.3118197023868561,0.8440408110618591,0.46271565556526184,-5.18845272064209,5.096636772155762,0.020021818578243256,0.09944739192724228,421640,9.539748774841428,22.033710731193423,33.09461148455739,0.2820032919390559,0.7179967080609442,96629,0.49687932404981305,0.503120675950187,101919,0.19612260162830353,0.002213481580838561,32.72771794581786,0.24020685255527496,0.10529296100139618,0.8947070389986038,0.35833853483200073,0.4302360713481903,0.10309578478336334,0.5257511734962463,0.47424882650375366,0.5973269939422607,0.6301590800285339,0.5090873837471008,0.5257511734962463,0.47424882650375366,0.5257511734962463,0.47424882650375366,0.518348582287624,0.48165141771237596,0.8793899416923523,0.4010575701012781,0.5989424298987218,0.11905427816222236,0.49730742676792583,0.5026925732320742,0.0004281027181127772,0.14350920458205985,0.14350920458205985,0.09926477074623108,0.01035243272781372,0.8564907954179402,0.14350920458205985,0.13319893181324005,0.03452708199620247,326813
bdd_b1_skd,2026-07-09 22:08:50,bdd,val,in_domain,student_skd,/scratch/gautschi/manors/hf_cache/hub/models--nvidia--mit-b1/snapshots/13ddceec4e8bdf401e7cd7acf5aebc526222518c,runs/mit-b1_skd_j9200315/student_skd.ckpt,skd,img_000021,/home/manors/Guardrail-Distillation/data/bdd100k/seg/images/val/7e1a88c5-66aa091b.jpg,,0.3240252228552816,0.6759747771447184,0.9721517562866211,0.9612793326377869,0.10510474443435669,0.11153896898031235,0.2613721787929535,0.9045476913452148,0.31830766797065735,-5.748631477355957,5.70089054107666,0.011008425615727901,0.050770070403814316,463009,9.539748774841428,22.033710731193423,33.09461148455739,0.4189222180092081,0.581077781990792,164857,0.4672724586288416,0.5327275413711584,14076,0.11319544166326523,0.0010507935658097267,32.72771794581786,0.1320691853761673,0.07340813428163528,0.9265918657183647,0.3104129433631897,0.39208856225013733,0.06537193059921265,0.5163371562957764,0.48366284370422363,0.5993416905403137,0.6146319508552551,0.5639684796333313,0.5163371562957764,0.48366284370422363,0.5163371562957764,0.48366284370422363,0.3506451184105192,0.6493548815894807,0.9756808280944824,0.36521482340405864,0.6347851765959414,0.0,0.4827416918429003,0.5172583081570997,0.015469233214058686,0.026619895555237694,0.026619895555237694,0.017280442640185356,0.01375135313719511,0.9733801044447623,0.026619895555237694,0.03580275923013687,0.0001317468995694071,408701
bdd_b1_skd,2026-07-09 22:08:50,bdd,val,in_domain,student_skd,/scratch/gautschi/manors/hf_cache/hub/models--nvidia--mit-b1/snapshots/13ddceec4e8bdf401e7cd7acf5aebc526222518c,runs/mit-b1_skd_j9200315/student_skd.ckpt,skd,img_000022,/home/manors/Guardrail-Distillation/data/bdd100k/seg/images/val/7e23ea75-4e570000.jpg,,0.4789693563146873,0.5210306436853127,0.9319779872894287,0.9550879001617432,0.10924399644136429,0.11766894161701202,0.24277743697166443,0.8948869705200195,0.3290691077709198,-5.46674919128418,5.412004470825195,0.0078672980889678,0.0582144670188427,508688,9.539748774841428,22.033710731193423,33.09461148455739,0.5488138027869012,0.4511861972130988,166280,0.417181917805826,0.582818082194174,38370,0.11960241943597794,0.001094139995984733,32.72771794581786,0.11792680621147156,0.056746985763311386,0.9432530142366886,0.2311234176158905,0.3346712589263916,0.027626002207398415,0.5069060921669006,0.49309390783309937,0.5477138757705688,0.5803605318069458,0.5159269571304321,0.5069060921669006,0.49309390783309937,0.5069060921669006,0.49309390783309937,0.5629526601586042,0.43704733984139577,0.9536120891571045,0.4504152608184865,0.5495847391815135,0.0,0.7483525713310312,0.25164742866896883,0.33117065352520514,0.08398330384391695,0.08398330384391695,0.033499907702207565,0.011865819804370403,0.916016696156083,0.08398330384391695,0.04836953431367874,0.0067251441068947315,439464
bdd_b1_skd,2026-07-09 22:08:50,bdd,val,in_domain,student_skd,/scratch/gautschi/manors/hf_cache/hub/models--nvidia--mit-b1/snapshots/13ddceec4e8bdf401e7cd7acf5aebc526222518c,runs/mit-b1_skd_j9200315/student_skd.ckpt,skd,img_000023,/home/manors/Guardrail-Distillation/data/bdd100k/seg/images/val/7e23ea75-4e570001.jpg,,0.5032810891464955,0.4967189108535045,0.917359471321106,0.9483470916748047,0.11722031235694885,0.1276674121618271,0.24464087188243866,0.8882554173469543,0.3267785906791687,-6.111029624938965,6.047868251800537,0.007883930578827858,0.07127605378627777,511420,9.539748774841428,22.033710731193423,33.09461148455739,0.7121688089449622,0.28783119105503785,165435,0.918389001660823,0.08161099833917695,21676,0.1291370391845703,0.0009517259895801544,32.72771794581786,0.12588953971862793,0.06320883333683014,0.9367911666631699,0.2611553966999054,0.3479265868663788,0.03632050380110741,0.5090791583061218,0.4909208416938782,0.5572866797447205,0.5805637240409851,0.523703932762146,0.5090791583061218,0.4909208416938782,0.5090791583061218,0.4909208416938782,0.6080699488722734,0.3919300511277266,0.9568319320678711,0.8217235089982401,0.1782764910017599,0.10955470005327794,0.48731315740911607,0.5126868425908839,0.0,0.1047888597257779,0.1047888597257779,0.05352352187037468,0.014051073230803013,0.8952111402742221,0.1047888597257779,0.07160454988479614,0.016810057684779167,432349
bdd_b1_skd,2026-07-09 22:08:51,bdd,val,in_domain,student_skd,/scratch/gautschi/manors/hf_cache/hub/models--nvidia--mit-b1/snapshots/13ddceec4e8bdf401e7cd7acf5aebc526222518c,runs/mit-b1_skd_j9200315/student_skd.ckpt,skd,img_000024,/home/manors/Guardrail-Distillation/data/bdd100k/seg/images/val/7e23ea75-c9f30000.jpg,,0.4826147162735801,0.5173852837264199,0.9083051681518555,0.9452638626098633,0.11066865921020508,0.14917805790901184,0.24152909219264984,0.8624168634414673,0.41734156012535095,-5.7569169998168945,5.691694259643555,0.006321938242763281,0.06204997003078461,505383,9.605802013538778,22.06163853406906,33.12381426803768,0.46372524415314803,0.5362747558468519,165370,0.325954454119223,0.674045545880777,15656,0.15142568945884705,0.0011195582337677479,32.63598697958514,0.16045047342777252,0.08539458364248276,0.9146054163575172,0.30686160922050476,0.37581950426101685,0.06293179839849472,0.5157277584075928,0.4842722415924072,0.5741152167320251,0.6004495620727539,0.5293921232223511,0.5157277584075928,0.4842722415924072,0.5157277584075928,0.4842722415924072,0.5017975957117324,0.49820240428826756,0.9316617250442505,0.44375387691880497,0.556246123081195,0.0,0.2218688129544855,0.7781311870455145,0.0,0.019182879438152334,0.019182879438152334,0.0407334640622139,0.017376920208334923,0.9808171205618477,0.019182879438152334,0.07291697710752487,0.007582368329167366,420916
bdd_b1_skd,2026-07-09 22:08:51,bdd,val,in_domain,student_skd,/scratch/gautschi/manors/hf_cache/hub/models--nvidia--mit-b1/snapshots/13ddceec4e8bdf401e7cd7acf5aebc526222518c,runs/mit-b1_skd_j9200315/student_skd.ckpt,skd,img_000025,/home/manors/Guardrail-Distillation/data/bdd100k/seg/images/val/7e23ea75-c9f30001.jpg,,0.49176135178108354,0.5082386482189165,0.9410333633422852,0.9688794016838074,0.09397085011005402,0.07930693030357361,0.20521444082260132,0.9275216460227966,0.2276206910610199,-6.234450817108154,6.1964592933654785,0.005125987343490124,0.041888557374477386,506439,9.605802013538778,22.06163853406906,33.12381426803768,0.5492483422436324,0.4507516577563676,168141,0.2936252167641146,0.7063747832358853,14201,0.08055836707353592,0.0007429979159496725,32.63598697958514,0.08422742784023285,0.039858628064394,0.960141371935606,0.15551339089870453,0.29131966829299927,0.0075422003865242004,0.5018855333328247,0.4981144666671753,0.5266590714454651,0.5629673004150391,0.5341373085975647,0.5018855333328247,0.4981144666671753,0.5018855333328247,0.4981144666671753,0.5270666012719987,0.47293339872800133,0.9483353495597839,0.5540454544583517,0.44595454554164826,0.004797112214719346,0.3713536579746665,0.6286463420253334,0.07772844121055189,0.03530524949091518,0.03530524949091518,0.017907388508319855,0.010605422779917717,0.9646947505090848,0.03530524949091518,0.032833173871040344,0.0020002408418804407,458972
bdd_b1_skd,2026-07-09 22:08:51,bdd,val,in_domain,student_skd,/scratch/gautschi/manors/hf_cache/hub/models--nvidia--mit-b1/snapshots/13ddceec4e8bdf401e7cd7acf5aebc526222518c,runs/mit-b1_skd_j9200315/student_skd.ckpt,skd,img_000026,/home/manors/Guardrail-Distillation/data/bdd100k/seg/images/val/7e23ea75-d0830001.jpg,,0.11054848056681464,0.8894515194331853,0.3244425654411316,0.847954511642456,0.17750488221645355,0.46405738592147827,0.43226906657218933,0.6408796310424805,1.1558794975280762,-2.484736442565918,2.2897844314575195,0.07598577439785004,0.18026748299598694,503818,9.605802013538778,22.06163853406906,33.12381426803768,0.11736830750354023,0.8826316924964598,174007,0.08054228885798924,0.9194577111420108,33082,0.4738536477088928,0.007094347849488258,32.63598697958514,0.673173725605011,0.39528048038482666,0.6047195196151733,0.6825841069221497,0.7153968811035156,0.6520179510116577,0.6574650406837463,0.34253495931625366,0.8127267360687256,0.8297632932662964,0.5224161744117737,0.6574650406837463,0.34253495931625366,0.6574650406837463,0.34253495931625366,0.1612035616296032,0.8387964383703967,0.4350678324699402,0.2966293099260143,0.7033706900739858,0.179261002422474,0.4264705882352941,0.5735294117647058,0.34592829937730496,0.0506550810627886,0.0506550810627886,0.14428623020648956,0.03366096317768097,0.9493449189372114,0.0506550810627886,0.45046424865722656,0.04117558151483536,289748
bdd_b1_skd,2026-07-09 22:08:51,bdd,val,in_domain,student_skd,/scratch/gautschi/manors/hf_cache/hub/models--nvidia--mit-b1/snapshots/13ddceec4e8bdf401e7cd7acf5aebc526222518c,runs/mit-b1_skd_j9200315/student_skd.ckpt,skd,img_000027,/home/manors/Guardrail-Distillation/data/bdd100k/seg/images/val/7e365190-9193658c.jpg,,0.34927029141030913,0.6507297085896908,0.8807939887046814,0.9143363237380981,0.14280474185943604,0.2241837978363037,0.3128857910633087,0.8001876473426819,0.6452349424362183,-3.8098716735839844,3.7046754360198975,0.017426108941435814,0.11949493736028671,442956,9.605802013538778,22.06163853406906,33.12381426803768,0.1697934244239462,0.8302065755760538,93772,0.0,1.0,0,0.2274201214313507,0.0020918622612953186,32.63598697958514,0.4802803099155426,0.1771009862422943,0.8228990137577057,0.5377251505851746,0.5929494500160217,0.18876203894615173,0.5470508933067322,0.4529491066932678,0.6543909907341003,0.6833853125572205,0.545738935470581,0.5470508933067322,0.4529491066932678,0.5470508933067322,0.4529491066932678,0.2027547390523923,0.7972452609476077,0.8341730833053589,0.1412095433338485,0.8587904566661515,0.0,0.0,1.0,0.0,0.0,0.0,0.054989658296108246,0.10161054134368896,1.0,0.0,0.18107441067695618,0.00831685308367014,327823
bdd_b1_skd,2026-07-09 22:08:51,bdd,val,in_domain,student_skd,/scratch/gautschi/manors/hf_cache/hub/models--nvidia--mit-b1/snapshots/13ddceec4e8bdf401e7cd7acf5aebc526222518c,runs/mit-b1_skd_j9200315/student_skd.ckpt,skd,img_000028,/home/manors/Guardrail-Distillation/data/bdd100k/seg/images/val/7e5ef657-00000000.jpg,,0.6469754107893576,0.3530245892106424,0.820838987827301,0.9294064044952393,0.13067007064819336,0.182155579328537,0.2765600085258484,0.8412420153617859,0.46869370341300964,-4.973465919494629,4.887339115142822,0.013453559949994087,0.09247320145368576,430741,9.54388122772798,22.06656348425895,33.099649008363485,0.39649905175134004,0.60350094824866,87474,0.9945700158926364,0.005429984107363617,22652,0.18474718928337097,0.002042224630713463,32.68750250572339,0.22104154527187347,0.1039818599820137,0.8960181400179863,0.3144209086894989,0.3785901665687561,0.09490633010864258,0.5237087607383728,0.4762912392616272,0.5829350352287292,0.6058826446533203,0.5206601023674011,0.5237087607383728,0.4762912392616272,0.5237087607383728,0.4762912392616272,0.6690174546772977,0.3309825453227023,0.90965336561203,0.7744340474099065,0.2255659525900935,0.3779349956585665,0.9747925128024015,0.025207487197598466,0.0,0.022042043887940066,0.022042043887940066,0.15520231425762177,0.06638792157173157,0.9779579561120599,0.022042043887940066,0.22617767751216888,0.07309497147798538,339724
bdd_b1_skd,2026-07-09 22:08:51,bdd,val,in_domain,student_skd,/scratch/gautschi/manors/hf_cache/hub/models--nvidia--mit-b1/snapshots/13ddceec4e8bdf401e7cd7acf5aebc526222518c,runs/mit-b1_skd_j9200315/student_skd.ckpt,skd,img_000029,/home/manors/Guardrail-Distillation/data/bdd100k/seg/images/val/7e5ef657-a9ad0000.jpg,,0.5529439168390861,0.44705608316091394,0.8001017570495605,0.9227195382118225,0.13708333671092987,0.2012871652841568,0.2957024574279785,0.8279910087585449,0.5080516338348389,-4.8399271965026855,4.74506139755249,0.01765156351029873,0.10432302951812744,436222,9.54388122772798,22.06656348425895,33.099649008363485,0.40497923203901315,0.5950207679609869,88604,0.9962718411714504,0.0037281588285495992,22263,0.20443183183670044,0.002101879334077239,32.68750250572339,0.24850797653198242,0.12209273874759674,0.8779072612524033,0.3379935324192047,0.3980451822280884,0.1175031065940857,0.529341995716095,0.47065800428390503,0.5931745171546936,0.6118629574775696,0.5211465358734131,0.529341995716095,0.47065800428390503,0.529341995716095,0.47065800428390503,0.648210426801776,0.351789573198224,0.9031089544296265,0.7481811157493502,0.2518188842506498,0.3432018837103371,0.9564748686160894,0.043525131383910565,0.0,0.09526650996268993,0.09526650996268993,0.14887602627277374,0.04586884751915932,0.9047334900373101,0.09526650996268993,0.20780014991760254,0.07049621641635895,337502
bdd_b1_skd,2026-07-09 22:08:51,bdd,val,in_domain,student_skd,/scratch/gautschi/manors/hf_cache/hub/models--nvidia--mit-b1/snapshots/13ddceec4e8bdf401e7cd7acf5aebc526222518c,runs/mit-b1_skd_j9200315/student_skd.ckpt,skd,img_000030,/home/manors/Guardrail-Distillation/data/bdd100k/seg/images/val/7e5ef657-a9ad0001.jpg,,0.5508583147721341,0.4491416852278659,0.7925282716751099,0.9368222951889038,0.12632866203784943,0.16594254970550537,0.2741861641407013,0.8523554801940918,0.4483826160430908,-4.990079879760742,4.912684440612793,0.014091881923377514,0.08153357356786728,435428,9.54388122772798,22.06656348425895,33.099649008363485,0.3529479295568969,0.6470520704431031,87780,0.9941313011868786,0.0058686988131213536,22833,0.16865743696689606,0.0019240399124100804,32.68750250572339,0.2422218769788742,0.1009168028831482,0.8990831971168518,0.3076484203338623,0.380675733089447,0.0899679958820343,0.522476851940155,0.47752314805984497,0.5789791941642761,0.6025332808494568,0.5198479294776917,0.522476851940155,0.47752314805984497,0.522476851940155,0.47752314805984497,0.7363973687025582,0.26360263129744177,0.9278319478034973,0.7225735766256471,0.27742642337435286,0.36962564706875023,0.9318092234923138,0.06819077650768623,0.0,0.18553905393042414,0.18553905393042414,0.1677912324666977,0.032487574964761734,0.8144609460695759,0.18553905393042414,0.2091597318649292,0.10311004519462585,354433
bdd_b1_skd,2026-07-09 22:08:51,bdd,val,in_domain,student_skd,/scratch/gautschi/manors/hf_cache/hub/models--nvidia--mit-b1/snapshots/13ddceec4e8bdf401e7cd7acf5aebc526222518c,runs/mit-b1_skd_j9200315/student_skd.ckpt,skd,img_000031,/home/manors/Guardrail-Distillation/data/bdd100k/seg/images/val/7e788ad5-00000000.jpg,,0.5835873867903077,0.41641261320969225,0.9774331450462341,0.9785242676734924,0.0730014219880104,0.05671165511012077,0.15802665054798126,0.9438683986663818,0.1826336830854416,-6.228272438049316,6.202869892120361,0.0013783921021968126,0.02400648407638073,489701,9.54388122772798,22.06656348425895,33.099649008363485,1.0,0.0,141174,0.9866846862814604,0.013315313718539556,45136,0.05765475705265999,0.0005879560485482216,32.68750250572339,0.07096848636865616,0.03310079872608185,0.9668992012739182,0.13856181502342224,0.21697720885276794,-0.013804534450173378,0.49654892086982727,0.5034510791301727,0.5147972106933594,0.532455563545227,0.560478687286377,0.49654892086982727,0.5034510791301727,0.49654892086982727,0.5034510791301727,0.6086840163442391,0.3913159836557609,0.9825525879859924,1.0,0.0,0.0,0.9703119461183978,0.029688053881602228,0.0,0.025096629553931327,0.025096629553931327,0.010953621938824654,0.005834172014147043,0.9749033704460687,0.025096629553931327,0.01805591583251953,0.0008311193669214845,458396
bdd_b1_skd,2026-07-09 22:08:52,bdd,val,in_domain,student_skd,/scratch/gautschi/manors/hf_cache/hub/models--nvidia--mit-b1/snapshots/13ddceec4e8bdf401e7cd7acf5aebc526222518c,runs/mit-b1_skd_j9200315/student_skd.ckpt,skd,img_000032,/home/manors/Guardrail-Distillation/data/bdd100k/seg/images/val/7ea0c1bd-fe29369b.jpg,,0.39100034156852953,0.6089996584314705,0.7813552021980286,0.8988335132598877,0.16039389371871948,0.2676662504673004,0.3672153055667877,0.7870652675628662,0.637955367565155,-4.604498863220215,4.476432800292969,0.03604063764214516,0.14252378046512604,489392,9.60921699879691,22.156561783049256,33.20938750403002,0.40929480850251054,0.5907051914974895,156545,0.11742602160638797,0.8825739783936121,2129,0.27141451835632324,0.0021880643907934427,32.751315739005804,0.2978803217411041,0.15154123306274414,0.8484587669372559,0.4299722909927368,0.5180758833885193,0.13345575332641602,0.5333145260810852,0.4666854739189148,0.6055546998977661,0.6394217014312744,0.543478786945343,0.5333145260810852,0.4666854739189148,0.5333145260810852,0.4666854739189148,0.34979587501246306,0.650204124987537,0.7720640897750854,0.35984734875038715,0.6401526512496128,0.0,0.19210897134805072,0.8078910286519493,0.07468294974166279,0.0,0.0,0.05144546553492546,0.06073658540844917,1.0,0.0,0.17975570261478424,0.009219602681696415,347968
bdd_b1_skd,2026-07-09 22:08:52,bdd,val,in_domain,student_skd,/scratch/gautschi/manors/hf_cache/hub/models--nvidia--mit-b1/snapshots/13ddceec4e8bdf401e7cd7acf5aebc526222518c,runs/mit-b1_skd_j9200315/student_skd.ckpt,skd,img_000033,/home/manors/Guardrail-Distillation/data/bdd100k/seg/images/val/7ea536cf-9cb2ed5f.jpg,,0.4712959658751872,0.5287040341248128,0.9255542159080505,0.9581705927848816,0.10775615274906158,0.1128280907869339,0.2511245906352997,0.9008336067199707,0.31509268283843994,-5.452902317047119,5.401522636413574,0.010220220312476158,0.05377829819917679,405275,9.60921699879691,22.156561783049256,33.20938750403002,0.9740763915075938,0.02592360849240616,78914,0.897316219369895,0.10268378063010497,1714,0.11442869156599045,0.0009868916822597384,32.751315739005804,0.1801833212375641,0.077529177069664,0.922470822930336,0.31461161375045776,0.44349098205566406,0.05514936149120331,0.513783872127533,0.48621612787246704,0.5816341638565063,0.6282633543014526,0.55267733335495,0.513783872127533,0.48621612787246704,0.513783872127533,0.48621612787246704,0.6140176487629949,0.3859823512370051,0.9436998963356018,0.6471625478834101,0.3528374521165899,0.0,0.9194865810968494,0.08051341890315056,0.022170361726954413,0.14272168288780773,0.14272168288780773,0.04780704155564308,0.02966134063899517,0.8572783171121923,0.14272168288780773,0.08555424958467484,0.013028190471231937,353823
bdd_b1_skd,2026-07-09 22:08:52,bdd,val,in_domain,student_skd,/scratch/gautschi/manors/hf_cache/hub/models--nvidia--mit-b1/snapshots/13ddceec4e8bdf401e7cd7acf5aebc526222518c,runs/mit-b1_skd_j9200315/student_skd.ckpt,skd,img_000034,/home/manors/Guardrail-Distillation/data/bdd100k/seg/images/val/7eb52e47-49584e13.jpg,,0.4691714389272931,0.5308285610727068,0.9021900296211243,0.9415130615234375,0.12689651548862457,0.15219442546367645,0.281577467918396,0.868852972984314,0.3981153666973114,-5.5766282081604,5.50391149520874,0.015472570434212685,0.07986714690923691,469993,9.60921699879691,22.156561783049256,33.20938750403002,0.9714026891752161,0.028597310824783895,137834,0.3665519823688987,0.6334480176311013,46360,0.154770165681839,0.0018450001953169703,32.751315739005804,0.15617460012435913,0.0835229903459549,0.9164770096540451,0.2964622974395752,0.38560307025909424,0.048171527683734894,0.5120405554771423,0.48795944452285767,0.5548642873764038,0.5864025950431824,0.5317628383636475,0.5120405554771423,0.48795944452285767,0.5120405554771423,0.48795944452285767,0.5549592414468117,0.44504075855318825,0.9340245127677917,0.9862216290148467,0.013778370985153332,0.014818939839630563,0.5238059626435764,0.4761940373564236,0.15725398027467763,0.08578780251951856,0.08578780251951856,0.04817518591880798,0.016340669244527817,0.9142121974804814,0.08578780251951856,0.07048402726650238,0.00831927265971899,390552
bdd_b1_skd,2026-07-09 22:08:52,bdd,val,in_domain,student_skd,/scratch/gautschi/manors/hf_cache/hub/models--nvidia--mit-b1/snapshots/13ddceec4e8bdf401e7cd7acf5aebc526222518c,runs/mit-b1_skd_j9200315/student_skd.ckpt,skd,img_000035,/home/manors/Guardrail-Distillation/data/bdd100k/seg/images/val/7eb7131c-420e1747.jpg,,0.3685796742026022,0.6314203257973978,0.8550410270690918,0.9215980172157288,0.14963343739509583,0.2002895623445511,0.34116077423095703,0.8470112681388855,0.43877071142196655,-5.7302703857421875,5.630797863006592,0.02927549183368683,0.11675451695919037,523817,9.60921699879691,22.156561783049256,33.20938750403002,0.23132074884850948,0.7686792511514905,174939,0.20389000670690813,0.7961099932930918,5029,0.20326419174671173,0.002252905862405896,32.751315739005804,0.22428816556930542,0.09725456684827805,0.902745433151722,0.3632497191429138,0.45849305391311646,0.08232984691858292,0.5205708742141724,0.47942912578582764,0.600136399269104,0.6291450262069702,0.557206928730011,0.5205708742141724,0.47942912578582764,0.5205708742141724,0.47942912578582764,0.463815316840208,0.5361846831597921,0.869645357131958,0.3124651456487184,0.6875348543512816,0.0811443968002089,0.5404678654678655,0.4595321345321345,0.33657785876095736,0.09523564263760576,0.09523564263760576,0.053997866809368134,0.039393529295921326,0.9047643573623942,0.09523564263760576,0.1244003176689148,0.009799224324524403,406461
bdd_b1_skd,2026-07-09 22:08:53,bdd,val,in_domain,student_skd,/scratch/gautschi/manors/hf_cache/hub/models--nvidia--mit-b1/snapshots/13ddceec4e8bdf401e7cd7acf5aebc526222518c,runs/mit-b1_skd_j9200315/student_skd.ckpt,skd,img_000036,/home/manors/Guardrail-Distillation/data/bdd100k/seg/images/val/7ec0c9b1-00000000.jpg,,0.5391739202710383,0.4608260797289617,0.9723609685897827,0.9779196381568909,0.07906517386436462,0.06170671060681343,0.18229015171527863,0.9341064095497131,0.2390972226858139,-6.158059120178223,6.131174564361572,0.004864048212766647,0.027242539450526237,517059,9.578893950674683,22.006370534654707,33.13693671952933,0.37446133140657206,0.6255386685934279,171980,0.487828922423599,0.512171077576401,65935,0.06288269907236099,0.0005925622535869479,32.63575944583863,0.07218192517757416,0.03584117814898491,0.9641588218510151,0.1423814296722412,0.23560859262943268,-0.004174539819359779,0.4989563524723053,0.5010436475276947,0.5191288590431213,0.5359416007995605,0.5341423153877258,0.4989563524723053,0.5010436475276947,0.4989563524723053,0.5010436475276947,0.5890437549725999,0.41095624502740014,0.9704714417457581,0.440022411979852,0.5599775880201481,0.0655610805732798,0.4833927352695837,0.5166072647304163,0.0,0.04986983470156159,0.04986983470156159,0.006507961079478264,0.008397494442760944,0.9501301652984384,0.04986983470156159,0.018545271828770638,8.122863800963387e-05,484104
bdd_b1_skd,2026-07-09 22:08:53,bdd,val,in_domain,student_skd,/scratch/gautschi/manors/hf_cache/hub/models--nvidia--mit-b1/snapshots/13ddceec4e8bdf401e7cd7acf5aebc526222518c,runs/mit-b1_skd_j9200315/student_skd.ckpt,skd,img_000037,/home/manors/Guardrail-Distillation/data/bdd100k/seg/images/val/7ed0f644-ac730000.jpg,,0.1608009163715023,0.8391990836284977,0.2619870901107788,0.7698161602020264,0.17721432447433472,0.6101637482643127,0.39692601561546326,0.5656387209892273,1.3029271364212036,-2.4885778427124023,2.195362091064453,0.08559020608663559,0.32220223546028137,402955,9.578893950674683,22.006370534654707,33.13693671952933,0.08204090595394943,0.9179590940460506,70393,0.566464079788063,0.433535920211937,6417,0.6160398125648499,0.004570336546748877,32.63575944583863,0.7162425518035889,0.3821756839752197,0.6178243160247803,0.6389720439910889,0.7041881084442139,0.5653149485588074,0.6376814246177673,0.36231857538223267,0.7672866582870483,0.8154981136322021,0.5201463103294373,0.6376814246177673,0.36231857538223267,0.6376814246177673,0.36231857538223267,0.2051322065559818,0.7948677934440183,0.40967604517936707,0.3500277221611621,0.6499722778388379,0.26798681620721265,0.8782920367773103,0.12170796322268973,0.31182795698924726,0.044331290184479455,0.044331290184479455,0.18962416052818298,0.04193520545959473,0.9556687098155205,0.044331290184479455,0.4875805079936981,0.02045389823615551,113378
bdd_b1_skd,2026-07-09 22:08:53,bdd,val,in_domain,student_skd,/scratch/gautschi/manors/hf_cache/hub/models--nvidia--mit-b1/snapshots/13ddceec4e8bdf401e7cd7acf5aebc526222518c,runs/mit-b1_skd_j9200315/student_skd.ckpt,skd,img_000038,/home/manors/Guardrail-Distillation/data/bdd100k/seg/images/val/7ed0f644-ac730001.jpg,,0.03630186560370503,0.9636981343962949,0.12883849442005157,0.9051126837730408,0.14442409574985504,0.2788541615009308,0.3294118642807007,0.7271434664726257,0.972490131855011,-2.3529200553894043,2.2367660999298096,0.024569382891058922,0.12736834585666656,333301,9.578893950674683,22.006370534654707,33.13693671952933,0.04518173777534431,0.9548182622246557,71229,0.7925126903553299,0.2074873096446701,3152,0.2841068506240845,0.002857697196304798,32.63575944583863,0.5021283030509949,0.39785367250442505,0.602146327495575,0.6591807007789612,0.735395073890686,0.9557839035987854,0.7222768664360046,0.27772313356399536,0.8765992522239685,0.9184738397598267,0.5166757702827454,0.7222768664360046,0.27772313356399536,0.7222768664360046,0.27772313356399536,0.12004501264485834,0.8799549873551417,0.555128812789917,0.49905937188504684,0.5009406281149531,0.4538776341097026,0.025856598984771575,0.9741434010152284,0.0,0.08374314704115327,0.08374314704115327,0.462743878364563,0.03645353391766548,0.9162568529588467,0.08374314704115327,0.651042103767395,0.3297649621963501,247624
bdd_b1_skd,2026-07-09 22:08:53,bdd,val,in_domain,student_skd,/scratch/gautschi/manors/hf_cache/hub/models--nvidia--mit-b1/snapshots/13ddceec4e8bdf401e7cd7acf5aebc526222518c,runs/mit-b1_skd_j9200315/student_skd.ckpt,skd,img_000039,/home/manors/Guardrail-Distillation/data/bdd100k/seg/images/val/7ed63746-764b90a2.jpg,,0.44487522155995757,0.5551247784400424,0.9039739370346069,0.9379209280014038,0.12734273076057434,0.15294311940670013,0.2658400237560272,0.8725795745849609,0.3568645119667053,-5.499557971954346,5.423364639282227,0.012290559709072113,0.08596562594175339,468571,9.578893950674683,22.006370534654707,33.13693671952933,0.45162890784674786,0.5483710921532521,123231,0.31787505830168383,0.6821249416983162,70137,0.15497757494449615,0.0015537519939243793,32.63575944583863,0.1537104696035385,0.0838640034198761,0.9161359965801239,0.31919389963150024,0.382556676864624,0.040423452854156494,0.5101044774055481,0.4898955225944519,0.562512993812561,0.5854529738426208,0.5169172286987305,0.5101044774055481,0.4898955225944519,0.5101044774055481,0.4898955225944519,0.3480873613754317,0.6519126386245683,0.9005059599876404,0.5338631915841667,0.46613680841583327,0.08223428373741881,0.19220604446735098,0.807793955532649,0.0,0.0,0.0,0.035268932580947876,0.03873692452907562,1.0,0.0,0.08108055591583252,0.003967381548136473,381442
bdd_b1_skd,2026-07-09 22:08:53,bdd,val,in_domain,student_skd,/scratch/gautschi/manors/hf_cache/hub/models--nvidia--mit-b1/snapshots/13ddceec4e8bdf401e7cd7acf5aebc526222518c,runs/mit-b1_skd_j9200315/student_skd.ckpt,skd,img_000040,/home/manors/Guardrail-Distillation/data/bdd100k/seg/images/val/8fd046f2-93dc0001.jpg,,0.17013258976606171,0.8298674102339383,0.3743944764137268,0.9528846144676208,0.11068039387464523,0.1430649757385254,0.2696073353290558,0.84251868724823,0.5911506414413452,-3.7454071044921875,3.687828302383423,0.011586876586079597,0.05861940607428551,512390,28.991256840527058,16.394407022744417,34.91064393892884,0.18786145283398856,0.8121385471660114,175104,0.34752283616966034,0.6524771638303397,94383,0.14586462080478668,0.001041855663061142,30.857295030727983,0.17383010685443878,0.33922016620635986,0.6607798337936401,0.7816150188446045,0.8348853588104248,1.1387265920639038,0.757445752620697,0.24255424737930298,0.961577296257019,0.971961498260498,0.508529007434845,0.757445752620697,0.24255424737930298,0.757445752620697,0.24255424737930298,0.293846879422806,0.706153120577194,0.666275680065155,0.2376617079213954,0.7623382920786046,0.04980025508740682,0.33398643215511287,0.6660135678448871,0.0,0.12371428965674425,0.12371428965674425,0.3010284900665283,0.009147328324615955,0.8762857103432558,0.12371428965674425,0.5921582579612732,0.2809578478336334,446081
