run_id,timestamp,dataset_name,split,domain,student_name,student_backbone,student_ckpt,train_method,image_id,image_path,condition,student_miou,student_risk,student_pixel_acc,student_msp,student_msp_std,student_entropy,student_entropy_std,temp_msp,temp_entropy,energy_score,max_logit,low_conf_frac_050,low_conf_frac_070,n_valid_pixels,student_latency_ms,guardrail_latency_ms,teacher_latency_ms,student_miou_near,student_risk_near,n_near_pixels,student_miou_dynamic,student_risk_dynamic,n_dynamic_pixels,mc_entropy,mc_mutual_info,mc_dropout_latency_ms,guardrailpp_utility_dense_bce,guardrailpp_keep_dense_bce,guardrailpp_utility_dense_bce_q90,guardrailpp_utility_dense_bce_q95,guardrailpp_utility_dense_gap_raw,guardrailpp_utility_dense_gap,guardrailpp_keep_dense_gap,guardrailpp_utility_dense_gap_q90,guardrailpp_utility_dense_gap_q95,guardrailpp_utility_scalar,guardrailpp_utility,guardrailpp_keep,guardrail_risk,guardrail_keep,teacher_miou,teacher_risk,teacher_pixel_acc,teacher_miou_near,teacher_risk_near,teacher_benefit_near,teacher_miou_dynamic,teacher_risk_dynamic,teacher_benefit_dynamic,teacher_gain,teacher_benefit,teacher_gap,student_better_gap,oracle_keep,oracle_fail,disagreement_rate,confident_wrong_teacher_right,n_confident_pixels
idd_b1_mit-b1_guard_gt_risk_s256_j13387385,2026-07-10 23:15:30,idd,val,in_domain,student_skd,/scratch/gautschi/manors/hf_cache/hub/models--nvidia--mit-b1/snapshots/13ddceec4e8bdf401e7cd7acf5aebc526222518c,runs/mit-b1_skd_j9200315/student_skd.ckpt,skd,img_000000,/home/manors/Guardrail-Distillation/data/idd/leftImg8bit/val/119/035471_leftImg8bit.png,,0.27023801366306155,0.7297619863369385,0.8803254961967468,0.9307592511177063,0.13239528238773346,0.1858111172914505,0.30424070358276367,0.849611759185791,0.4349537193775177,-5.888983726501465,5.803493499755859,0.018876133486628532,0.08748383074998856,363210,10.084115259815007,69.02186025399715,33.4689014707692,1.0,0.0,84252,0.20510487190016222,0.7948951280998378,19023,0.18840427696704865,0.0015851386124268174,32.961566757876426,0.4730026423931122,0.5269973576068878,0.5206731557846069,0.6677961349487305,0.3157099187374115,0.5782783627510071,0.4217216372489929,0.7098042368888855,0.7526960968971252,0.5286786556243896,0.5782783627510071,0.4217216372489929,0.5782783627510071,0.4217216372489929,0.3503308382446666,0.6496691617553334,0.9052944779396057,1.0,0.0,0.0,0.22518518902330806,0.7748148109766919,0.02008031712314584,0.08009282458160505,0.08009282458160505,0.04393601790070534,0.01896698959171772,0.919907175418395,0.08009282458160505,0.0822279155254364,0.006208529695868492,288426
idd_b1_mit-b1_guard_gt_risk_s256_j13387385,2026-07-10 23:15:30,idd,val,in_domain,student_skd,/scratch/gautschi/manors/hf_cache/hub/models--nvidia--mit-b1/snapshots/13ddceec4e8bdf401e7cd7acf5aebc526222518c,runs/mit-b1_skd_j9200315/student_skd.ckpt,skd,img_000001,/home/manors/Guardrail-Distillation/data/idd/leftImg8bit/val/119/038937_leftImg8bit.png,,0.25524880637323827,0.7447511936267617,0.8601183891296387,0.94108647108078,0.13410261273384094,0.15184621512889862,0.31598323583602905,0.8857048749923706,0.3382207751274109,-5.850231170654297,5.775529861450195,0.019343595951795578,0.09001462906599045,400546,10.084115259815007,69.02186025399715,33.4689014707692,0.4818165551610429,0.5181834448389571,105053,0.27534235490486497,0.724657645095135,18064,0.1536652147769928,0.0013970735017210245,32.961566757876426,0.47608932852745056,0.5239106714725494,0.5495008230209351,0.6994016170501709,0.19140078127384186,0.5477046370506287,0.45229536294937134,0.662799060344696,0.7528543472290039,0.527988851070404,0.5477046370506287,0.45229536294937134,0.5477046370506287,0.45229536294937134,0.3179692840302668,0.6820307159697332,0.8837661147117615,0.24999757029146782,0.7500024297085321,0.0,0.2829836644712284,0.7170163355287715,0.007641309566363441,0.06272047765702848,0.06272047765702848,0.052777957171201706,0.0291302353143692,0.9372795223429715,0.06272047765702848,0.09590908139944077,0.010161129757761955,332053
idd_b1_mit-b1_guard_gt_risk_s256_j13387385,2026-07-10 23:15:30,idd,val,in_domain,student_skd,/scratch/gautschi/manors/hf_cache/hub/models--nvidia--mit-b1/snapshots/13ddceec4e8bdf401e7cd7acf5aebc526222518c,runs/mit-b1_skd_j9200315/student_skd.ckpt,skd,img_000002,/home/manors/Guardrail-Distillation/data/idd/leftImg8bit/val/119/107588_leftImg8bit.png,,0.41141665378662107,0.5885833462133789,0.9518111348152161,0.9708501696586609,0.08914404362440109,0.0842958316206932,0.21576230227947235,0.9202693104743958,0.2665371000766754,-6.562702655792236,6.527284622192383,0.0071822586469352245,0.03486035019159317,401545,10.084115259815007,69.02186025399715,33.4689014707692,0.957751911790751,0.04224808820924897,107562,0.048,0.952,4795,0.08578579127788544,0.000683990481775254,32.961566757876426,0.4606514275074005,0.5393485724925995,0.505301833152771,0.5656816959381104,0.15529489517211914,0.5387458801269531,0.4612541198730469,0.6342268586158752,0.6988254189491272,0.5309755206108093,0.5387458801269531,0.4612541198730469,0.5387458801269531,0.4612541198730469,0.46409504819343544,0.5359049518065646,0.9314522743225098,0.9750352155242927,0.02496478447570727,0.0172833037335417,0.27564122578374733,0.7243587742162527,0.22764122578374724,0.05267839440681432,0.05267839440681432,0.01893685571849346,0.03929572179913521,0.9473216055931857,0.05267839440681432,0.06722284853458405,0.005279607605189085,367216
idd_b1_mit-b1_guard_gt_risk_s256_j13387385,2026-07-10 23:15:30,idd,val,in_domain,student_skd,/scratch/gautschi/manors/hf_cache/hub/models--nvidia--mit-b1/snapshots/13ddceec4e8bdf401e7cd7acf5aebc526222518c,runs/mit-b1_skd_j9200315/student_skd.ckpt,skd,img_000003,/home/manors/Guardrail-Distillation/data/idd/leftImg8bit/val/119/171342_leftImg8bit.png,,0.3857862545981933,0.6142137454018066,0.8812428116798401,0.9621840119361877,0.09954366832971573,0.09647859632968903,0.21186092495918274,0.9128743410110474,0.26092657446861267,-6.076034069061279,6.030348300933838,0.005363497883081436,0.04770531877875328,432740,10.084115259815007,69.02186025399715,33.4689014707692,0.9039757258723968,0.09602427412760317,107651,0.2421691731968539,0.7578308268031461,110091,0.09794026613235474,0.001158396597020328,32.961566757876426,0.4884282946586609,0.5115717053413391,0.5707904100418091,0.6484186053276062,0.1310446411371231,0.5327143669128418,0.4672856330871582,0.6071772575378418,0.6544873714447021,0.5172713994979858,0.5327143669128418,0.4672856330871582,0.5327143669128418,0.4672856330871582,0.5587540020129694,0.44124599798703057,0.9516823291778564,0.9418957306891614,0.05810426931083856,0.03792000481676461,0.6251972679629889,0.3748027320370111,0.383028094766135,0.17296774741477605,0.17296774741477605,0.07818551361560822,0.00774599052965641,0.827032252585224,0.17296774741477605,0.09158386290073395,0.05061237886548042,382579
idd_b1_mit-b1_guard_gt_risk_s256_j13387385,2026-07-10 23:15:31,idd,val,in_domain,student_skd,/scratch/gautschi/manors/hf_cache/hub/models--nvidia--mit-b1/snapshots/13ddceec4e8bdf401e7cd7acf5aebc526222518c,runs/mit-b1_skd_j9200315/student_skd.ckpt,skd,img_000004,/home/manors/Guardrail-Distillation/data/idd/leftImg8bit/val/119/222715_leftImg8bit.png,,0.3748031395393285,0.6251968604606715,0.892717182636261,0.9569813013076782,0.11129145324230194,0.11468637734651566,0.257569819688797,0.9012963771820068,0.30868643522262573,-6.064198017120361,6.010745525360107,0.012567546218633652,0.055887166410684586,389177,9.590303234290332,22.34201121609658,33.373955462593585,0.788743999374246,0.211256000625754,95380,0.4034204166091682,0.5965795833908318,123367,0.1171141192317009,0.00169752340298146,32.876413490157574,0.47760820388793945,0.5223917961120605,0.54322749376297,0.6234087944030762,0.17503461241722107,0.543647289276123,0.45635271072387695,0.6332451105117798,0.697992205619812,0.544955849647522,0.543647289276123,0.45635271072387695,0.543647289276123,0.45635271072387695,0.41334846793426033,0.5866515320657397,0.9108888506889343,0.8843145896855721,0.11568541031442792,0.09557059031132609,0.4644917028219548,0.5355082971780452,0.06107128621278668,0.038545328394931744,0.038545328394931744,0.03401537239551544,0.015843691304326057,0.9614546716050683,0.038545328394931744,0.0710807666182518,0.0060152579098939896,339802
idd_b1_mit-b1_guard_gt_risk_s256_j13387385,2026-07-10 23:15:31,idd,val,in_domain,student_skd,/scratch/gautschi/manors/hf_cache/hub/models--nvidia--mit-b1/snapshots/13ddceec4e8bdf401e7cd7acf5aebc526222518c,runs/mit-b1_skd_j9200315/student_skd.ckpt,skd,img_000005,/home/manors/Guardrail-Distillation/data/idd/leftImg8bit/val/119/372819_leftImg8bit.png,,0.26954687482827694,0.730453125171723,0.893838107585907,0.941276490688324,0.12902487814426422,0.15560056269168854,0.2968585193157196,0.8681917190551758,0.41103801131248474,-5.702939510345459,5.629637718200684,0.015311225317418575,0.08529715240001678,363916,9.590303234290332,22.34201121609658,33.373955462593585,0.5667079719124328,0.43329202808756717,96113,0.0007902298850574713,0.9992097701149425,12684,0.15808449685573578,0.0012713109608739614,32.876413490157574,0.48413196206092834,0.5158680379390717,0.5867339372634888,0.6993721723556519,0.301914781332016,0.5749105215072632,0.4250894784927368,0.7200488448143005,0.7614468336105347,0.5426234006881714,0.5749105215072632,0.4250894784927368,0.5749105215072632,0.4250894784927368,0.43514688313372457,0.5648531168662754,0.9339847564697266,0.3124741842213961,0.6875258157786039,0.0,0.18287413325986132,0.8171258667401387,0.18208390337480385,0.16560000830544763,0.16560000830544763,0.06874388456344604,0.028597258031368256,0.8343999916945524,0.16560000830544763,0.10716483741998672,0.025401465594768524,301961
idd_b1_mit-b1_guard_gt_risk_s256_j13387385,2026-07-10 23:15:31,idd,val,in_domain,student_skd,/scratch/gautschi/manors/hf_cache/hub/models--nvidia--mit-b1/snapshots/13ddceec4e8bdf401e7cd7acf5aebc526222518c,runs/mit-b1_skd_j9200315/student_skd.ckpt,skd,img_000006,/home/manors/Guardrail-Distillation/data/idd/leftImg8bit/val/119/500688_leftImg8bit.png,,0.44779458216182266,0.5522054178381773,0.8494935035705566,0.9383441209793091,0.12847352027893066,0.1553914099931717,0.2716880440711975,0.8615816831588745,0.4228086769580841,-4.52734899520874,4.451284408569336,0.014155167154967785,0.08718476444482803,365167,9.590303234290332,22.34201121609658,33.373955462593585,0.8347517047016033,0.16524829529839669,77466,0.5432744904317004,0.4567255095682996,148251,0.1585879921913147,0.0023088250309228897,32.876413490157574,0.46843722462654114,0.5315627753734589,0.5087271928787231,0.5500636100769043,0.17471036314964294,0.5435668230056763,0.45643317699432373,0.637490451335907,0.6955885887145996,0.5054504871368408,0.5435668230056763,0.45643317699432373,0.5435668230056763,0.45643317699432373,0.3926541649067061,0.6073458350932939,0.8915427923202515,0.6780643890867764,0.32193561091322365,0.0,0.6778690759913637,0.3221309240086363,0.1345945855596633,0.0,0.0,0.06246183440089226,0.02041257917881012,1.0,0.0,0.10861057788133621,0.013054301030933857,298412
idd_b1_mit-b1_guard_gt_risk_s256_j13387385,2026-07-10 23:15:31,idd,val,in_domain,student_skd,/scratch/gautschi/manors/hf_cache/hub/models--nvidia--mit-b1/snapshots/13ddceec4e8bdf401e7cd7acf5aebc526222518c,runs/mit-b1_skd_j9200315/student_skd.ckpt,skd,img_000007,/home/manors/Guardrail-Distillation/data/idd/leftImg8bit/val/119/507161_leftImg8bit.png,,0.25983773633579627,0.7401622636642038,0.939877986907959,0.9622350335121155,0.10333061218261719,0.09862197935581207,0.22649629414081573,0.912140429019928,0.2693404257297516,-6.429196357727051,6.38280725479126,0.009340772405266762,0.050458334386348724,396327,9.590303234290332,22.34201121609658,33.373955462593585,1.0,0.0,111912,0.0185361216730038,0.9814638783269962,1271,0.09977180510759354,0.0006735578062944114,32.876413490157574,0.4769943952560425,0.5230056047439575,0.6253390312194824,0.7236365675926208,0.16979531943798065,0.5423471331596375,0.45765286684036255,0.647472083568573,0.6968846321105957,0.5244324803352356,0.5423471331596375,0.45765286684036255,0.5423471331596375,0.45765286684036255,0.28455932866765266,0.7154406713323473,0.9468721747398376,1.0,0.0,0.0,0.01811248808388942,0.9818875119161106,0.0,0.024721592331856446,0.024721592331856446,0.014626811258494854,0.0076325866393744946,0.9752784076681436,0.024721592331856446,0.03230918198823929,0.0007039641495794058,352931
idd_b1_mit-b1_guard_gt_risk_s256_j13387385,2026-07-10 23:15:31,idd,val,in_domain,student_skd,/scratch/gautschi/manors/hf_cache/hub/models--nvidia--mit-b1/snapshots/13ddceec4e8bdf401e7cd7acf5aebc526222518c,runs/mit-b1_skd_j9200315/student_skd.ckpt,skd,img_000008,/home/manors/Guardrail-Distillation/data/idd/leftImg8bit/val/119/638495_leftImg8bit.png,,0.29864841929719904,0.701351580702801,0.87525475025177,0.9260112047195435,0.1389419436454773,0.19229348003864288,0.3083619773387909,0.8359631299972534,0.49416032433509827,-4.611242771148682,4.519281387329102,0.0192435123026371,0.10133173316717148,401434,9.589145716745406,22.431262012105435,33.365675539243966,0.4701703234854496,0.5298296765145504,108382,0.1351064240558162,0.8648935759441838,16844,0.1956448256969452,0.0019713633228093386,32.81823522411287,0.48134884238243103,0.518651157617569,0.5986872911453247,0.6668780446052551,0.30923032760620117,0.5766974091529846,0.4233025908470154,0.7132391333580017,0.7827802300453186,0.5266339778900146,0.5766974091529846,0.4233025908470154,0.5766974091529846,0.4233025908470154,0.28640462786470816,0.7135953721352919,0.8904054164886475,0.4581572585853739,0.5418427414146261,0.0,0.09414608799984601,0.905853912000154,0.0,0.0,0.0,0.04288376495242119,0.027733078226447105,1.0,0.0,0.08385936915874481,0.0035697028506547213,314969
idd_b1_mit-b1_guard_gt_risk_s256_j13387385,2026-07-10 23:15:31,idd,val,in_domain,student_skd,/scratch/gautschi/manors/hf_cache/hub/models--nvidia--mit-b1/snapshots/13ddceec4e8bdf401e7cd7acf5aebc526222518c,runs/mit-b1_skd_j9200315/student_skd.ckpt,skd,img_000009,/home/manors/Guardrail-Distillation/data/idd/leftImg8bit/val/119/763431_leftImg8bit.png,,0.22861058380578045,0.7713894161942195,0.8416866064071655,0.9409130811691284,0.14086589217185974,0.16162076592445374,0.35359713435173035,0.8723025321960449,0.4235246181488037,-3.7993695735931396,3.721863031387329,0.03136516734957695,0.08626776933670044,387213,9.589145716745406,22.431262012105435,33.365675539243966,0.49781196011418666,0.5021880398858134,84404,0.24953092927995948,0.7504690707200405,221182,0.16558653116226196,0.0030924410093575716,32.81823522411287,0.4635760486125946,0.5364239513874054,0.48247459530830383,0.5070781111717224,0.1792159229516983,0.5446844696998596,0.4553155303001404,0.6428757905960083,0.7468746900558472,0.5026714205741882,0.5446844696998596,0.4553155303001404,0.5446844696998596,0.4553155303001404,0.30621369194625164,0.6937863080537483,0.8898797631263733,0.4989328965845275,0.5010671034154726,0.0011209364703408387,0.24713240014829685,0.7528675998517032,0.0,0.07760310814047122,0.07760310814047122,0.09267767518758774,0.04448455944657326,0.9223968918595288,0.07760310814047122,0.16921694576740265,0.05535971373319626,326546
idd_b1_mit-b1_guard_gt_risk_s256_j13387385,2026-07-10 23:15:31,idd,val,in_domain,student_skd,/scratch/gautschi/manors/hf_cache/hub/models--nvidia--mit-b1/snapshots/13ddceec4e8bdf401e7cd7acf5aebc526222518c,runs/mit-b1_skd_j9200315/student_skd.ckpt,skd,img_000010,/home/manors/Guardrail-Distillation/data/idd/leftImg8bit/val/119/893319_leftImg8bit.png,,0.3845676130017247,0.6154323869982753,0.9127499461174011,0.9567534923553467,0.11523699015378952,0.11385057121515274,0.26318585872650146,0.8970050811767578,0.33783555030822754,-5.294532299041748,5.240124225616455,0.014240680262446404,0.06310617923736572,372103,9.589145716745406,22.431262012105435,33.365675539243966,0.9252656412118313,0.0747343587881687,156565,0.3258129033731217,0.6741870966268784,19399,0.11572382599115372,0.0013013913994655013,32.81823522411287,0.47848519682884216,0.5215148031711578,0.5504283308982849,0.636532723903656,0.15360301733016968,0.5383254289627075,0.4616745710372925,0.621472954750061,0.6880578994750977,0.5396566390991211,0.5383254289627075,0.4616745710372925,0.5383254289627075,0.4616745710372925,0.5448715418398519,0.45512845816014813,0.943179726600647,0.6254865032092221,0.37451349679077794,0.0,0.7412268302870869,0.2587731697129131,0.4154139269139653,0.16030392883812716,0.16030392883812716,0.042700543999671936,0.012270796112716198,0.8396960711618728,0.16030392883812716,0.06781724095344543,0.00847077276557684,327644
idd_b1_mit-b1_guard_gt_risk_s256_j13387385,2026-07-10 23:15:31,idd,val,in_domain,student_skd,/scratch/gautschi/manors/hf_cache/hub/models--nvidia--mit-b1/snapshots/13ddceec4e8bdf401e7cd7acf5aebc526222518c,runs/mit-b1_skd_j9200315/student_skd.ckpt,skd,img_000011,/home/manors/Guardrail-Distillation/data/idd/leftImg8bit/val/119/903127_leftImg8bit.png,,0.4444683665453197,0.5555316334546803,0.9243794679641724,0.9527574181556702,0.1152428537607193,0.12458937615156174,0.26354721188545227,0.8944610357284546,0.31769129633903503,-5.983630657196045,5.925192356109619,0.012547170743346214,0.06365355104207993,379209,9.589145716745406,22.431262012105435,33.365675539243966,0.4893268398987656,0.5106731601012344,65050,0.4597066856977805,0.5402933143022195,80077,0.12653504312038422,0.001270139473490417,32.81823522411287,0.4740842282772064,0.5259157717227936,0.5404307842254639,0.5788534879684448,0.16059154272079468,0.5400618314743042,0.4599381685256958,0.6319563388824463,0.6855586767196655,0.516485869884491,0.5400618314743042,0.4599381685256958,0.5400618314743042,0.4599381685256958,0.5908672303150452,0.4091327696849548,0.941148579120636,0.46536857653441077,0.5346314234655892,0.0,0.6512307048564285,0.34876929514357147,0.19152401915864803,0.14639886376972544,0.14639886376972544,0.024827998131513596,0.00805888045579195,0.8536011362302746,0.14639886376972544,0.04806320741772652,0.0010179083328694105,327234
idd_b1_mit-b1_guard_gt_risk_s256_j13387385,2026-07-10 23:15:31,idd,val,in_domain,student_skd,/scratch/gautschi/manors/hf_cache/hub/models--nvidia--mit-b1/snapshots/13ddceec4e8bdf401e7cd7acf5aebc526222518c,runs/mit-b1_skd_j9200315/student_skd.ckpt,skd,img_000012,/home/manors/Guardrail-Distillation/data/idd/leftImg8bit/val/132/004954_leftImg8bit.png,,0.3840477569595437,0.6159522430404563,0.9299245476722717,0.9691233038902283,0.10063202679157257,0.08205616474151611,0.24245096743106842,0.9343159198760986,0.20574352145195007,-6.996281147003174,6.957131862640381,0.010877269320189953,0.04453125223517418,488174,9.602688252925873,22.41403446532786,33.34927273681387,0.3977982316607485,0.6022017683392515,168876,0.5396576712326007,0.46034232876739933,77895,0.08373428881168365,0.0012003849260509014,33.70033600367606,0.48519179224967957,0.5148082077503204,0.5883728265762329,0.688962459564209,0.0800943672657013,0.5200129151344299,0.47998708486557007,0.5733410716056824,0.6360748410224915,0.5342246294021606,0.5200129151344299,0.47998708486557007,0.5200129151344299,0.47998708486557007,0.454291717551095,0.545708282448905,0.9441244006156921,0.3321386085070625,0.6678613914929374,0.0,0.5474748717304819,0.4525251282695181,0.00781720049788126,0.07024396059155125,0.07024396059155125,0.024767808616161346,0.010567952878773212,0.9297560394084488,0.07024396059155125,0.04938403144478798,0.005303436890244484,445104
idd_b1_mit-b1_guard_gt_risk_s256_j13387385,2026-07-10 23:15:32,idd,val,in_domain,student_skd,/scratch/gautschi/manors/hf_cache/hub/models--nvidia--mit-b1/snapshots/13ddceec4e8bdf401e7cd7acf5aebc526222518c,runs/mit-b1_skd_j9200315/student_skd.ckpt,skd,img_000013,/home/manors/Guardrail-Distillation/data/idd/leftImg8bit/val/132/109137_leftImg8bit.png,,0.4839371073449699,0.5160628926550301,0.9066071510314941,0.9509491920471191,0.10864963382482529,0.12668205797672272,0.23768079280853271,0.8904250264167786,0.3230477571487427,-5.630302906036377,5.571534156799316,0.0060307662934064865,0.057689372450113297,517513,9.602688252925873,22.41403446532786,33.34927273681387,0.8326823105734631,0.1673176894265369,175104,0.5566808475524639,0.44331915244753606,218544,0.12990358471870422,0.0024780204985290766,33.70033600367606,0.47288089990615845,0.5271191000938416,0.5393980145454407,0.6520562171936035,0.13023896515369415,0.5325137972831726,0.4674862027168274,0.6013267636299133,0.6349982619285583,0.5029537081718445,0.5325137972831726,0.4674862027168274,0.5325137972831726,0.4674862027168274,0.538464693539137,0.46153530646086305,0.9626501798629761,0.8706919625644977,0.12930803743550234,0.038009651991034565,0.7183962521377404,0.2816037478622596,0.16171540458527645,0.05452758619416709,0.05452758619416709,0.06629011780023575,0.010247085243463516,0.9454724138058329,0.05452758619416709,0.08145495504140854,0.028864974156022072,433624
idd_b1_mit-b1_guard_gt_risk_s256_j13387385,2026-07-10 23:15:32,idd,val,in_domain,student_skd,/scratch/gautschi/manors/hf_cache/hub/models--nvidia--mit-b1/snapshots/13ddceec4e8bdf401e7cd7acf5aebc526222518c,runs/mit-b1_skd_j9200315/student_skd.ckpt,skd,img_000014,/home/manors/Guardrail-Distillation/data/idd/leftImg8bit/val/132/292561_leftImg8bit.png,,0.48627514402842054,0.5137248559715795,0.8438246250152588,0.9580880999565125,0.10232897847890854,0.1099093109369278,0.22003358602523804,0.8958061337471008,0.3337193727493286,-4.579224109649658,4.528851509094238,0.00498936465010047,0.05107235908508301,520908,9.602688252925873,22.41403446532786,33.34927273681387,0.5379657626260798,0.46203423737392024,175104,0.42211820736905786,0.5778817926309421,317102,0.1140989363193512,0.002946818247437477,33.70033600367606,0.4820033609867096,0.5179966390132904,0.513618528842926,0.5630461573600769,0.11029080301523209,0.5275447964668274,0.4724552035331726,0.5655274391174316,0.6196227669715881,0.49883899092674255,0.5275447964668274,0.4724552035331726,0.5275447964668274,0.4724552035331726,0.4742840237749059,0.525715976225094,0.9433047771453857,0.6288293603158149,0.37117063968418507,0.09086359768973518,0.5328482440736397,0.46715175592636027,0.11073003670458181,0.0,0.0,0.13805700838565826,0.038576871156692505,1.0,0.0,0.1838386058807373,0.09345988184213638,454469
idd_b1_mit-b1_guard_gt_risk_s256_j13387385,2026-07-10 23:15:32,idd,val,in_domain,student_skd,/scratch/gautschi/manors/hf_cache/hub/models--nvidia--mit-b1/snapshots/13ddceec4e8bdf401e7cd7acf5aebc526222518c,runs/mit-b1_skd_j9200315/student_skd.ckpt,skd,img_000015,/home/manors/Guardrail-Distillation/data/idd/leftImg8bit/val/132/397388_leftImg8bit.png,,0.30675005580067916,0.6932499441993208,0.8135614991188049,0.9221051931381226,0.14116230607032776,0.20710358023643494,0.3293403387069702,0.8386703133583069,0.4808252155780792,-5.080245018005371,4.983682632446289,0.0203463826328516,0.10663515329360962,459492,9.602688252925873,22.41403446532786,33.34927273681387,0.2144163981974387,0.7855836018025613,126247,0.260744742096755,0.739255257903245,142689,0.2112959772348404,0.0033156739082187414,33.70033600367606,0.47059422731399536,0.5294057726860046,0.5075477361679077,0.5808936357498169,0.2573717534542084,0.56399005651474,0.43600994348526,0.6886062026023865,0.7301803231239319,0.5294486880302429,0.56399005651474,0.43600994348526,0.56399005651474,0.43600994348526,0.4058902858817134,0.5941097141182866,0.8365934491157532,0.25194609605833257,0.7480539039416674,0.037529697860893885,0.3913354604788238,0.6086645395211763,0.1305907183820687,0.09914023008103423,0.09914023008103423,0.09260661900043488,0.06957466155290604,0.9008597699189658,0.09914023008103423,0.19152237474918365,0.026313843205571175,347426
idd_b1_mit-b1_guard_gt_risk_s256_j13387385,2026-07-10 23:15:32,idd,val,in_domain,student_skd,/scratch/gautschi/manors/hf_cache/hub/models--nvidia--mit-b1/snapshots/13ddceec4e8bdf401e7cd7acf5aebc526222518c,runs/mit-b1_skd_j9200315/student_skd.ckpt,skd,img_000016,/home/manors/Guardrail-Distillation/data/idd/leftImg8bit/val/132/407306_leftImg8bit.png,,0.32232866019987344,0.6776713398001266,0.7591372132301331,0.9274146556854248,0.14187480509281158,0.19317732751369476,0.3304143249988556,0.8411843180656433,0.4957115948200226,-5.676713466644287,5.585358619689941,0.024274472147226334,0.10317545384168625,419247,9.556697739753872,22.528613219037652,33.437531266827136,0.24874342002646163,0.7512565799735383,129838,0.3625284711768672,0.6374715288231327,100621,0.19709700345993042,0.0030247406102716923,32.85930072888732,0.4889788329601288,0.5110211670398712,0.6326899528503418,0.7170416116714478,0.2280236929655075,0.5567601919174194,0.44323980808258057,0.668354868888855,0.7173561453819275,0.5244999527931213,0.5567601919174194,0.44323980808258057,0.5567601919174194,0.44323980808258057,0.34778322748030244,0.6522167725196976,0.8796771168708801,0.42053548498008053,0.5794645150199195,0.17179206495361887,0.32659171771201184,0.6734082822879881,0.0,0.025454567280429052,0.025454567280429052,0.15123304724693298,0.03069312311708927,0.974545432719571,0.025454567280429052,0.21835099160671234,0.07239646464586258,331179
idd_b1_mit-b1_guard_gt_risk_s256_j13387385,2026-07-10 23:15:32,idd,val,in_domain,student_skd,/scratch/gautschi/manors/hf_cache/hub/models--nvidia--mit-b1/snapshots/13ddceec4e8bdf401e7cd7acf5aebc526222518c,runs/mit-b1_skd_j9200315/student_skd.ckpt,skd,img_000017,/home/manors/Guardrail-Distillation/data/idd/leftImg8bit/val/132/475092_leftImg8bit.png,,0.5770477824886148,0.42295221751138523,0.9115894436836243,0.9469645619392395,0.12283843755722046,0.13885661959648132,0.28329282999038696,0.8835066556930542,0.3643743693828583,-6.140036106109619,6.073992729187012,0.013860957697033882,0.0746540054678917,421183,9.556697739753872,22.528613219037652,33.437531266827136,0.5785315868720469,0.42146841312795313,152109,0.7724146960196712,0.22758530398032883,114145,0.14233514666557312,0.0024784188717603683,32.85930072888732,0.5099820494651794,0.49001795053482056,0.6781772971153259,0.7415274977684021,0.15101581811904907,0.5376823544502258,0.46231764554977417,0.6315131783485413,0.6657646298408508,0.5264866948127747,0.5376823544502258,0.46231764554977417,0.5376823544502258,0.46231764554977417,0.5122259528014477,0.48777404719855233,0.9284420013427734,0.6247023845123165,0.3752976154876835,0.046170797640269656,0.4910517057744213,0.5089482942255787,0.0,0.0,0.0,0.04889323562383652,0.03204070404171944,1.0,0.0,0.09053783863782883,0.00906969141215086,355487
idd_b1_mit-b1_guard_gt_risk_s256_j13387385,2026-07-10 23:15:32,idd,val,in_domain,student_skd,/scratch/gautschi/manors/hf_cache/hub/models--nvidia--mit-b1/snapshots/13ddceec4e8bdf401e7cd7acf5aebc526222518c,runs/mit-b1_skd_j9200315/student_skd.ckpt,skd,img_000018,/home/manors/Guardrail-Distillation/data/idd/leftImg8bit/val/132/480469_leftImg8bit.png,,0.41517417929180783,0.5848258207081922,0.9148809909820557,0.9597680568695068,0.10495735704898834,0.10766196995973587,0.24148382246494293,0.9051968455314636,0.30198729038238525,-6.557343482971191,6.508179187774658,0.008707329630851746,0.05187937617301941,441582,9.556697739753872,22.528613219037652,33.437531266827136,0.7164467952753362,0.28355320472466383,167309,0.5538735714442221,0.4461264285557779,96891,0.1102115735411644,0.0017555152298882604,32.85930072888732,0.5000518560409546,0.4999481439590454,0.6370880603790283,0.7146010994911194,0.14047260582447052,0.5350605249404907,0.4649394750595093,0.630227267742157,0.6736069321632385,0.5338664054870605,0.5350605249404907,0.4649394750595093,0.5350605249404907,0.4649394750595093,0.3513192823806558,0.6486807176193442,0.9209591746330261,0.39979440113601883,0.6002055988639812,0.0,0.45628090951060934,0.5437190904893907,0.0,0.0,0.0,0.03468664735555649,0.028608500957489014,1.0,0.0,0.07661770284175873,0.009239506907761097,387614
idd_b1_mit-b1_guard_gt_risk_s256_j13387385,2026-07-10 23:15:32,idd,val,in_domain,student_skd,/scratch/gautschi/manors/hf_cache/hub/models--nvidia--mit-b1/snapshots/13ddceec4e8bdf401e7cd7acf5aebc526222518c,runs/mit-b1_skd_j9200315/student_skd.ckpt,skd,img_000019,/home/manors/Guardrail-Distillation/data/idd/leftImg8bit/val/132/483549_leftImg8bit.png,,0.35280752084531175,0.6471924791546882,0.9246758818626404,0.9611291289329529,0.10817649960517883,0.10875409096479416,0.26430654525756836,0.9069576859474182,0.3079085350036621,-6.193633079528809,6.145127773284912,0.012459387071430683,0.05342845246195793,482608,9.556697739753872,22.528613219037652,33.437531266827136,0.5270593098683207,0.4729406901316793,161127,0.29687247358543173,0.7031275264145682,56349,0.11129158735275269,0.0015435967361554503,32.85930072888732,0.46608462929725647,0.5339153707027435,0.5362918972969055,0.6553094983100891,0.12857232987880707,0.5320988893508911,0.4679011106491089,0.6246980428695679,0.6805276274681091,0.5224465727806091,0.5320988893508911,0.4679011106491089,0.5320988893508911,0.4679011106491089,0.45254615525157516,0.5474538447484248,0.9428604245185852,0.5506431406564352,0.44935685934356484,0.023583830788114435,0.49368820850654155,0.5063117914934585,0.1968157349211097,0.0997386344062634,0.0997386344062634,0.028658868744969368,0.010474339127540588,0.9002613655937366,0.0997386344062634,0.048731058835983276,0.0042456816881895065,427856
idd_b1_mit-b1_guard_gt_risk_s256_j13387385,2026-07-10 23:15:32,idd,val,in_domain,student_skd,/scratch/gautschi/manors/hf_cache/hub/models--nvidia--mit-b1/snapshots/13ddceec4e8bdf401e7cd7acf5aebc526222518c,runs/mit-b1_skd_j9200315/student_skd.ckpt,skd,img_000020,/home/manors/Guardrail-Distillation/data/idd/leftImg8bit/val/132/486787_leftImg8bit.png,,0.3233352792046604,0.6766647207953396,0.9198639988899231,0.9657033085823059,0.09756871312856674,0.09435486793518066,0.22257256507873535,0.9074252843856812,0.31346502900123596,-5.303182125091553,5.261265277862549,0.00774448411539197,0.04422854632139206,501260,9.522187756374478,22.067828744184226,33.284727251157165,0.39408680429965626,0.6059131957003437,169476,0.26624571052428536,0.7337542894757146,167354,0.09642458707094193,0.0011863685213029385,32.2852527606301,0.4636075794696808,0.5363924205303192,0.49852806329727173,0.6031213998794556,0.13445614278316498,0.533563494682312,0.466436505317688,0.6148002743721008,0.6700444221496582,0.5069829821586609,0.533563494682312,0.466436505317688,0.533563494682312,0.466436505317688,0.35887525210322846,0.6411247478967715,0.9297829866409302,0.32727092125387974,0.6727290787461202,0.0,0.3352034394382794,0.6647965605617205,0.0689577289139941,0.03553997289856803,0.03553997289856803,0.017962735146284103,0.00804373063147068,0.964460027101432,0.03553997289856803,0.055019352585077286,0.0034253683406859636,451196
idd_b1_mit-b1_guard_gt_risk_s256_j13387385,2026-07-10 23:15:32,idd,val,in_domain,student_skd,/scratch/gautschi/manors/hf_cache/hub/models--nvidia--mit-b1/snapshots/13ddceec4e8bdf401e7cd7acf5aebc526222518c,runs/mit-b1_skd_j9200315/student_skd.ckpt,skd,img_000021,/home/manors/Guardrail-Distillation/data/idd/leftImg8bit/val/132/489315_leftImg8bit.png,,0.3511315787468051,0.6488684212531949,0.9206138253211975,0.9702137112617493,0.0971473753452301,0.07991554588079453,0.23180191218852997,0.9309224486351013,0.22663725912570953,-6.5538835525512695,6.516416549682617,0.009719589725136757,0.04080262407660484,488498,9.522187756374478,22.067828744184226,33.284727251157165,0.4705813972420509,0.529418602757949,158645,0.3488954468154703,0.6511045531845296,71862,0.08164782077074051,0.0011195264523848891,32.2852527606301,0.46377962827682495,0.536220371723175,0.5174806118011475,0.6496254205703735,0.09921527653932571,0.5247834920883179,0.47521650791168213,0.5893502831459045,0.6535289883613586,0.5230472087860107,0.5247834920883179,0.47521650791168213,0.5247834920883179,0.47521650791168213,0.5013301787058891,0.49866982129411086,0.9563724398612976,0.7916627823245622,0.20833721767543778,0.3210813850825113,0.4985237282326284,0.5014762717673715,0.14962828141715812,0.15019859995908402,0.15019859995908402,0.04187120497226715,0.006112614646553993,0.849801400040916,0.15019859995908402,0.059793490916490555,0.01811266504228115,447099
idd_b1_mit-b1_guard_gt_risk_s256_j13387385,2026-07-10 23:15:32,idd,val,in_domain,student_skd,/scratch/gautschi/manors/hf_cache/hub/models--nvidia--mit-b1/snapshots/13ddceec4e8bdf401e7cd7acf5aebc526222518c,runs/mit-b1_skd_j9200315/student_skd.ckpt,skd,img_000022,/home/manors/Guardrail-Distillation/data/idd/leftImg8bit/val/132/617259_leftImg8bit.png,,0.32823360979432925,0.6717663902056707,0.9392216205596924,0.9676532745361328,0.0999777615070343,0.08685120940208435,0.2353060394525528,0.9270798563957214,0.22814051806926727,-6.586899757385254,6.546480178833008,0.010748540051281452,0.04411325231194496,495044,9.522187756374478,22.067828744184226,33.284727251157165,0.19092247047334848,0.8090775295266515,164555,0.19815767213389388,0.8018423278661061,16131,0.08846090734004974,0.001067125122062862,32.2852527606301,0.4748581051826477,0.5251418948173523,0.5756548047065735,0.6756202578544617,0.10414648801088333,0.5260131359100342,0.4739868640899658,0.596646249294281,0.6586515307426453,0.5310162305831909,0.5260131359100342,0.4739868640899658,0.5260131359100342,0.4739868640899658,0.43516311034166183,0.5648368896583382,0.9450958371162415,0.32292535499006403,0.677074645009936,0.1320028845167155,0.31175133544708034,0.6882486645529197,0.11359366331318643,0.10692950054733252,0.10692950054733252,0.02744806557893753,0.021573839709162712,0.8930704994526675,0.10692950054733252,0.05965530499815941,0.004581410903483629,448622
idd_b1_mit-b1_guard_gt_risk_s256_j13387385,2026-07-10 23:15:32,idd,val,in_domain,student_skd,/scratch/gautschi/manors/hf_cache/hub/models--nvidia--mit-b1/snapshots/13ddceec4e8bdf401e7cd7acf5aebc526222518c,runs/mit-b1_skd_j9200315/student_skd.ckpt,skd,img_000023,/home/manors/Guardrail-Distillation/data/idd/leftImg8bit/val/132/686561_leftImg8bit.png,,0.3472111617766627,0.6527888382233373,0.7890886664390564,0.9267673492431641,0.13184581696987152,0.18664394319057465,0.2818481922149658,0.8428022861480713,0.46210718154907227,-4.7684102058410645,4.679405212402344,0.010571382008492947,0.09847716987133026,511286,9.522187756374478,22.067828744184226,33.284727251157165,0.4745157059150258,0.5254842940849742,172800,0.23341139903396377,0.7665886009660362,206343,0.1897910237312317,0.0024013109505176544,32.2852527606301,0.4639529585838318,0.5360470414161682,0.5016698837280273,0.5983067750930786,0.2778167128562927,0.5690109133720398,0.4309890866279602,0.7072615027427673,0.7659735083580017,0.5140584707260132,0.5690109133720398,0.4309890866279602,0.5690109133720398,0.4309890866279602,0.3685133608125383,0.6314866391874616,0.793178379535675,0.2524199265887877,0.7475800734112124,0.0,0.347665751493688,0.6523342485063119,0.11425435245972426,0.021302199035875713,0.021302199035875713,0.07197732478380203,0.06788764148950577,0.9786978009641243,0.021302199035875713,0.2214905023574829,0.016528908163309097,395280
idd_b1_mit-b1_guard_gt_risk_s256_j13387385,2026-07-10 23:15:33,idd,val,in_domain,student_skd,/scratch/gautschi/manors/hf_cache/hub/models--nvidia--mit-b1/snapshots/13ddceec4e8bdf401e7cd7acf5aebc526222518c,runs/mit-b1_skd_j9200315/student_skd.ckpt,skd,img_000024,/home/manors/Guardrail-Distillation/data/idd/leftImg8bit/val/132/695419_leftImg8bit.png,,0.4204539117914391,0.5795460882085609,0.9146310091018677,0.9692543148994446,0.09086839109659195,0.0842147096991539,0.20127828419208527,0.9102445244789124,0.3172031342983246,-4.435598373413086,4.39839506149292,0.005422454793006182,0.03845205903053284,519322,9.585180785506964,22.446209739428014,33.421450993046165,0.7271565316391695,0.2728434683608305,175104,0.46687314413863645,0.5331268558613635,290886,0.08722967654466629,0.0016329811187461019,33.87397527694702,0.47893691062927246,0.5210630893707275,0.5113359093666077,0.5479996800422668,0.13688236474990845,0.5341672301292419,0.46583276987075806,0.6067063212394714,0.6541966795921326,0.4941767156124115,0.5341672301292419,0.46583276987075806,0.5341672301292419,0.46583276987075806,0.46268932534152135,0.5373106746584786,0.6949465274810791,0.45350298335919265,0.5464970166408074,0.0,0.383578449115442,0.6164215508845581,0.0,0.04223541355008231,0.04223541355008231,0.02505382150411606,0.24473834037780762,0.9577645864499177,0.04223541355008231,0.2781222462654114,0.006989883258938789,473064
idd_b1_mit-b1_guard_gt_risk_s256_j13387385,2026-07-10 23:15:33,idd,val,in_domain,student_skd,/scratch/gautschi/manors/hf_cache/hub/models--nvidia--mit-b1/snapshots/13ddceec4e8bdf401e7cd7acf5aebc526222518c,runs/mit-b1_skd_j9200315/student_skd.ckpt,skd,img_000025,/home/manors/Guardrail-Distillation/data/idd/leftImg8bit/val/132/771373_leftImg8bit.png,,0.3626253202855012,0.6373746797144988,0.8486506938934326,0.9485933780670166,0.11993493139743805,0.13072270154953003,0.2655026614665985,0.89139723777771,0.324375718832016,-5.835325241088867,5.771615028381348,0.012380014173686504,0.06983253359794617,505896,9.585180785506964,22.446209739428014,33.421450993046165,0.4213828073376941,0.5786171926623058,175103,0.24173333217359008,0.75826666782641,158295,0.13342446088790894,0.0022064049262553453,33.87397527694702,0.46722742915153503,0.532772570848465,0.5203010439872742,0.6314873695373535,0.12152889370918274,0.5303448438644409,0.4696551561355591,0.600548505783081,0.649540901184082,0.5183809399604797,0.5303448438644409,0.4696551561355591,0.5303448438644409,0.4696551561355591,0.5500506657810306,0.44994933421896943,0.9481790065765381,0.5409678218720118,0.45903217812798824,0.11958501453431758,0.5157930745503554,0.4842069254496446,0.27405974237676534,0.18742534549552936,0.18742534549552936,0.11220882833003998,0.012680470943450928,0.8125746545044706,0.18742534549552936,0.13706175982952118,0.05594232678413391,427621
idd_b1_mit-b1_guard_gt_risk_s256_j13387385,2026-07-10 23:15:33,idd,val,in_domain,student_skd,/scratch/gautschi/manors/hf_cache/hub/models--nvidia--mit-b1/snapshots/13ddceec4e8bdf401e7cd7acf5aebc526222518c,runs/mit-b1_skd_j9200315/student_skd.ckpt,skd,img_000026,/home/manors/Guardrail-Distillation/data/idd/leftImg8bit/val/132/808894_leftImg8bit.png,,0.3246607775613542,0.6753392224386459,0.9297659993171692,0.9662855267524719,0.10172218084335327,0.08877643197774887,0.23525159060955048,0.9238911867141724,0.2402305155992508,-6.419360160827637,6.377230167388916,0.010271033272147179,0.046872369945049286,469573,9.585180785506964,22.446209739428014,33.421450993046165,0.3301444078639691,0.669855592136031,154505,0.2357349073329842,0.7642650926670158,30614,0.09057451039552689,0.0011896351352334023,33.87397527694702,0.47717541456222534,0.5228245854377747,0.6092829704284668,0.6991991996765137,0.10750540345907211,0.5268505215644836,0.47314947843551636,0.6009543538093567,0.6533350348472595,0.5290486812591553,0.5268505215644836,0.47314947843551636,0.5268505215644836,0.47314947843551636,0.39198300997993984,0.6080169900200602,0.9430397748947144,0.24513417542533902,0.754865824574661,0.0,0.2577084481388337,0.7422915518611664,0.021973540805849456,0.0673222324185857,0.0673222324185857,0.02423265390098095,0.010958892293274403,0.9326777675814143,0.0673222324185857,0.0419146753847599,0.001980522647500038,424080
idd_b1_mit-b1_guard_gt_risk_s256_j13387385,2026-07-10 23:15:33,idd,val,in_domain,student_skd,/scratch/gautschi/manors/hf_cache/hub/models--nvidia--mit-b1/snapshots/13ddceec4e8bdf401e7cd7acf5aebc526222518c,runs/mit-b1_skd_j9200315/student_skd.ckpt,skd,img_000027,/home/manors/Guardrail-Distillation/data/idd/leftImg8bit/val/132/810101_leftImg8bit.png,,0.3150807278173367,0.6849192721826634,0.9126913547515869,0.9676209092140198,0.09800368547439575,0.08368732035160065,0.21937869489192963,0.9276067614555359,0.22495484352111816,-6.403018474578857,6.363021373748779,0.008316067047417164,0.044067494571208954,496148,9.585180785506964,22.446209739428014,33.421450993046165,0.274169977661366,0.725830022338634,166438,0.2065597245937741,0.7934402754062259,38891,0.08548255264759064,0.0014597163535654545,33.87397527694702,0.4740874171257019,0.5259125828742981,0.5858179926872253,0.6951433420181274,0.10172037035226822,0.525408148765564,0.47459185123443604,0.5942259430885315,0.646852970123291,0.5295112133026123,0.525408148765564,0.47459185123443604,0.525408148765564,0.47459185123443604,0.5335637817569674,0.4664362182430326,0.9643170833587646,0.7050962153504065,0.29490378464959355,0.4309262376890405,0.4646921954611658,0.5353078045388342,0.25813247086739166,0.21848305393963074,0.21848305393963074,0.06071776896715164,0.00909204501658678,0.7815169460603693,0.21848305393963074,0.07349621504545212,0.02383764460682869,448261
idd_b1_mit-b1_guard_gt_risk_s256_j13387385,2026-07-10 23:15:33,idd,val,in_domain,student_skd,/scratch/gautschi/manors/hf_cache/hub/models--nvidia--mit-b1/snapshots/13ddceec4e8bdf401e7cd7acf5aebc526222518c,runs/mit-b1_skd_j9200315/student_skd.ckpt,skd,img_000028,/home/manors/Guardrail-Distillation/data/idd/leftImg8bit/val/132/814106_leftImg8bit.png,,0.2700324184951335,0.7299675815048665,0.6675087213516235,0.9030401110649109,0.15628689527511597,0.2494570016860962,0.35063475370407104,0.8050523400306702,0.5696851015090942,-5.534718036651611,5.413174629211426,0.02901710383594036,0.14151570200920105,355480,9.582150727510452,22.377633955329657,33.32227998180315,0.2093949245868969,0.7906050754131031,85954,0.35620050989401286,0.6437994901059871,74262,0.25388363003730774,0.0037627951242029667,32.82358020078391,0.4878566563129425,0.5121433436870575,0.5830844044685364,0.669157862663269,0.29502108693122864,0.5732249021530151,0.42677509784698486,0.6904339790344238,0.7243987917900085,0.5166704058647156,0.5732249021530151,0.42677509784698486,0.5732249021530151,0.42677509784698486,0.32777783979746833,0.6722221602025317,0.8266260027885437,0.3728816386733398,0.6271183613266602,0.16348671408644289,0.43468424250649046,0.5653157574935095,0.07848373261247765,0.05774542130233484,0.05774542130233484,0.18985877931118011,0.030741533264517784,0.9422545786976652,0.05774542130233484,0.27810847759246826,0.0840778648853302,254174
idd_b1_mit-b1_guard_gt_risk_s256_j13387385,2026-07-10 23:15:33,idd,val,in_domain,student_skd,/scratch/gautschi/manors/hf_cache/hub/models--nvidia--mit-b1/snapshots/13ddceec4e8bdf401e7cd7acf5aebc526222518c,runs/mit-b1_skd_j9200315/student_skd.ckpt,skd,img_000029,/home/manors/Guardrail-Distillation/data/idd/leftImg8bit/val/132/867435_leftImg8bit.png,,0.34531816301898366,0.6546818369810163,0.8168107867240906,0.935323178768158,0.1326901763677597,0.17858631908893585,0.3206634819507599,0.8480243682861328,0.5028680562973022,-5.272345066070557,5.191834926605225,0.018397536128759384,0.08836539834737778,401956,9.582150727510452,22.377633955329657,33.32227998180315,0.2688267666148626,0.7311732333851374,154157,0.4416851889748266,0.5583148110251734,151973,0.1837705820798874,0.003283965867012739,32.82358020078391,0.5091013312339783,0.49089866876602173,0.6782522797584534,0.7305452823638916,0.18519055843353271,0.5461657643318176,0.4538342356681824,0.6424047946929932,0.6943319439888,0.5236780047416687,0.5461657643318176,0.4538342356681824,0.5461657643318176,0.4538342356681824,0.39933795465589517,0.6006620453441048,0.8642239570617676,0.30370752256842654,0.6962924774315735,0.03488075595356388,0.561063534074411,0.438936465925589,0.11937834509958445,0.05401979163691151,0.05401979163691151,0.07358019053936005,0.026167044416069984,0.9459802083630885,0.05401979163691151,0.13413408398628235,0.018404999747872353,324809
idd_b1_mit-b1_guard_gt_risk_s256_j13387385,2026-07-10 23:15:33,idd,val,in_domain,student_skd,/scratch/gautschi/manors/hf_cache/hub/models--nvidia--mit-b1/snapshots/13ddceec4e8bdf401e7cd7acf5aebc526222518c,runs/mit-b1_skd_j9200315/student_skd.ckpt,skd,img_000030,/home/manors/Guardrail-Distillation/data/idd/leftImg8bit/val/132/871699_leftImg8bit.png,,0.3234607230338501,0.6765392769661499,0.8992350101470947,0.9614272117614746,0.11041481792926788,0.10142025351524353,0.26249808073043823,0.9194248914718628,0.25016921758651733,-6.584897041320801,6.53631067276001,0.012646757997572422,0.05620167776942253,488900,9.582150727510452,22.377633955329657,33.32227998180315,0.42952032700905857,0.5704796729909414,150863,0.22443109182163726,0.7755689081783628,48414,0.10344760864973068,0.001571697648614645,32.82358020078391,0.47748538851737976,0.5225146114826202,0.5662854313850403,0.6635242104530334,0.0979553833603859,0.524469256401062,0.475530743598938,0.5938100814819336,0.6541779041290283,0.5388455986976624,0.524469256401062,0.475530743598938,0.524469256401062,0.475530743598938,0.4090302901642539,0.590969709835746,0.9493761658668518,0.6088845183177201,0.39111548168227994,0.17936419130866144,0.38785881016582174,0.6121411898341782,0.16342771834418457,0.08556956713040387,0.08556956713040387,0.056876663118600845,0.006735528819262981,0.9144304328695961,0.08556956713040387,0.07776232808828354,0.012544487603008747,433001
idd_b1_mit-b1_guard_gt_risk_s256_j13387385,2026-07-10 23:15:33,idd,val,in_domain,student_skd,/scratch/gautschi/manors/hf_cache/hub/models--nvidia--mit-b1/snapshots/13ddceec4e8bdf401e7cd7acf5aebc526222518c,runs/mit-b1_skd_j9200315/student_skd.ckpt,skd,img_000031,/home/manors/Guardrail-Distillation/data/idd/leftImg8bit/val/132/873809_leftImg8bit.png,,0.3273570505718635,0.6726429494281365,0.8976477980613708,0.9583324790000916,0.11443626880645752,0.11432462185621262,0.28019532561302185,0.9064117670059204,0.3020826280117035,-6.6306891441345215,6.577925682067871,0.015733512118458748,0.05793984979391098,450122,9.582150727510452,22.377633955329657,33.32227998180315,0.4017996177152546,0.5982003822847455,167472,0.27526789859736744,0.7247321014026326,94099,0.11703246831893921,0.001834710012190044,32.82358020078391,0.4938340485095978,0.5061659514904022,0.5987710356712341,0.7072773575782776,0.13284140825271606,0.5331615805625916,0.46683841943740845,0.6281334757804871,0.6844733357429504,0.5376770496368408,0.5331615805625916,0.46683841943740845,0.5331615805625916,0.46683841943740845,0.4055927053095389,0.594407294690461,0.9287770986557007,0.5733243132497368,0.42667568675026324,0.17152469553448224,0.40696920454500574,0.5930307954549943,0.1317013059476383,0.07823565473767546,0.07823565473767546,0.04011357203125954,0.008984231390058994,0.9217643452623245,0.07823565473767546,0.057935405522584915,0.008315523155033588,396552
idd_b1_mit-b1_guard_gt_risk_s256_j13387385,2026-07-10 23:15:34,idd,val,in_domain,student_skd,/scratch/gautschi/manors/hf_cache/hub/models--nvidia--mit-b1/snapshots/13ddceec4e8bdf401e7cd7acf5aebc526222518c,runs/mit-b1_skd_j9200315/student_skd.ckpt,skd,img_000032,/home/manors/Guardrail-Distillation/data/idd/leftImg8bit/val/132/874777_leftImg8bit.png,,0.313439545177754,0.6865604548222459,0.811459481716156,0.9400280117988586,0.1267840713262558,0.15492750704288483,0.28262534737586975,0.869315505027771,0.396655797958374,-5.901368141174316,5.827331066131592,0.013891557231545448,0.08210640400648117,442499,9.57298546563834,22.058666043449193,33.355112944263965,0.33772975653122306,0.6622702434687769,140954,0.5041119621801542,0.4958880378198458,84307,0.15859439969062805,0.0025370463263243437,32.13872649939731,0.4940156936645508,0.5059843063354492,0.6316920518875122,0.7191951870918274,0.18432947993278503,0.545952320098877,0.45404767990112305,0.6452537775039673,0.697303831577301,0.5240569114685059,0.545952320098877,0.45404767990112305,0.545952320098877,0.45404767990112305,0.43479578851301487,0.5652042114869851,0.8961851000785828,0.38685137777935547,0.6131486222206446,0.04912162124813235,0.46976218522188185,0.5302378147781182,0.0,0.12135624333526085,0.12135624333526085,0.11425110697746277,0.02952549234032631,0.8786437566647392,0.12135624333526085,0.17189644277095795,0.05740352347493172,362888
idd_b1_mit-b1_guard_gt_risk_s256_j13387385,2026-07-10 23:15:34,idd,val,in_domain,student_skd,/scratch/gautschi/manors/hf_cache/hub/models--nvidia--mit-b1/snapshots/13ddceec4e8bdf401e7cd7acf5aebc526222518c,runs/mit-b1_skd_j9200315/student_skd.ckpt,skd,img_000033,/home/manors/Guardrail-Distillation/data/idd/leftImg8bit/val/132/891975_leftImg8bit.png,,0.32866383146025524,0.6713361685397448,0.9144724607467651,0.9603478908538818,0.11188551038503647,0.10694671422243118,0.2717921733856201,0.9145342707633972,0.2659829258918762,-6.732584476470947,6.682384490966797,0.014420650899410248,0.05530975013971329,457677,9.57298546563834,22.058666043449193,33.355112944263965,0.34829794009942217,0.6517020599005778,142293,0.2335850155326005,0.7664149844673995,40460,0.10887398570775986,0.0014919828390702605,32.13872649939731,0.47627660632133484,0.5237233936786652,0.5710856318473816,0.6820183992385864,0.11638814955949783,0.5290642380714417,0.47093576192855835,0.605171263217926,0.6729981899261475,0.5331517457962036,0.5290642380714417,0.47093576192855835,0.5290642380714417,0.47093576192855835,0.44045489081869527,0.5595451091813047,0.9346023797988892,0.6054047735132091,0.3945952264867909,0.25710683341378693,0.4947892356693743,0.5052107643306256,0.2612042201367739,0.11179105935844003,0.11179105935844003,0.04425610229372978,0.024126185104250908,0.88820894064156,0.11179105935844003,0.07831943035125732,0.012714207172393799,405154
idd_b1_mit-b1_guard_gt_risk_s256_j13387385,2026-07-10 23:15:34,idd,val,in_domain,student_skd,/scratch/gautschi/manors/hf_cache/hub/models--nvidia--mit-b1/snapshots/13ddceec4e8bdf401e7cd7acf5aebc526222518c,runs/mit-b1_skd_j9200315/student_skd.ckpt,skd,img_000034,/home/manors/Guardrail-Distillation/data/idd/leftImg8bit/val/132/923084_leftImg8bit.png,,0.2875224259446509,0.7124775740553491,0.9048572778701782,0.9444620013237,0.13366474211215973,0.15018080174922943,0.329340398311615,0.8869267106056213,0.3474268913269043,-6.532715320587158,6.461338043212891,0.024992890655994415,0.08324111253023148,457250,9.57298546563834,22.058666043449193,33.355112944263965,0.22650835896026025,0.7734916410397398,156620,0.27376802999434896,0.726231970005651,23767,0.15250740945339203,0.001788269029930234,32.13872649939731,0.4842178523540497,0.5157821476459503,0.6211291551589966,0.720673143863678,0.18203121423721313,0.545382559299469,0.454617440700531,0.6625135540962219,0.7151245474815369,0.5407580733299255,0.545382559299469,0.454617440700531,0.545382559299469,0.454617440700531,0.4329615119795113,0.5670384880204886,0.935960590839386,0.343486593753232,0.656513406246768,0.11697823479297176,0.4349547906100873,0.5650452093899128,0.16118676061573822,0.14543908603486044,0.14543908603486044,0.04235975816845894,0.011256423778831959,0.8545609139651396,0.14543908603486044,0.066057950258255,0.005506834015250206,386846
idd_b1_mit-b1_guard_gt_risk_s256_j13387385,2026-07-10 23:15:34,idd,val,in_domain,student_skd,/scratch/gautschi/manors/hf_cache/hub/models--nvidia--mit-b1/snapshots/13ddceec4e8bdf401e7cd7acf5aebc526222518c,runs/mit-b1_skd_j9200315/student_skd.ckpt,skd,img_000035,/home/manors/Guardrail-Distillation/data/idd/leftImg8bit/val/132/935789_leftImg8bit.png,,0.32325763878047253,0.6767423612195275,0.8309550285339355,0.9420835375785828,0.12661488354206085,0.15169702470302582,0.2943444848060608,0.8803478479385376,0.34797149896621704,-6.124554634094238,6.052558422088623,0.015909463167190552,0.07759647816419601,469029,9.57298546563834,22.058666043449193,33.355112944263965,0.27074496404327764,0.7292550359567224,141364,0.1698256148842268,0.8301743851157732,80136,0.1542302370071411,0.0018622850766405463,32.13872649939731,0.47762563824653625,0.5223743617534637,0.5748449563980103,0.6959743499755859,0.18230938911437988,0.5454515218734741,0.4545484781265259,0.6434877514839172,0.6985467672348022,0.5388727784156799,0.5454515218734741,0.4545484781265259,0.5454515218734741,0.4545484781265259,0.47197295141979956,0.5280270485802004,0.9346458315849304,0.6414404782122795,0.35855952178772055,0.3706955141690018,0.4180686168715124,0.5819313831284876,0.24824300198728566,0.14871531263932702,0.14871531263932702,0.1361195147037506,0.03242869675159454,0.851284687360673,0.14871531263932702,0.17480581998825073,0.06835398077964783,387275
idd_b1_mit-b1_guard_gt_risk_s256_j13387385,2026-07-10 23:15:34,idd,val,in_domain,student_skd,/scratch/gautschi/manors/hf_cache/hub/models--nvidia--mit-b1/snapshots/13ddceec4e8bdf401e7cd7acf5aebc526222518c,runs/mit-b1_skd_j9200315/student_skd.ckpt,skd,img_000036,/home/manors/Guardrail-Distillation/data/idd/leftImg8bit/val/132/944936_leftImg8bit.png,,0.3117460731296039,0.6882539268703961,0.8847054243087769,0.9573765993118286,0.11234116554260254,0.1082683727145195,0.25312691926956177,0.9113040566444397,0.266404926776886,-6.247045993804932,6.193989276885986,0.011403663083910942,0.059482354670763016,500804,9.585945459548384,22.491095296572894,33.423388784285635,0.4486761843319355,0.5513238156680644,160261,0.2260981002654526,0.7739018997345474,31180,0.1102079227566719,0.0015218979679048061,32.82631025649607,0.4701196849346161,0.5298803150653839,0.5840359330177307,0.6744620203971863,0.13582780957221985,0.5339048504829407,0.4660951495170593,0.6244779229164124,0.6840972900390625,0.5303176641464233,0.5339048504829407,0.4660951495170593,0.5339048504829407,0.4660951495170593,0.4185247633768055,0.5814752366231946,0.9396989941596985,0.5068012909540908,0.49319870904590923,0.0581251066221552,0.45755498820481577,0.5424450117951842,0.23145688793936314,0.10677869024720155,0.10677869024720155,0.06585810333490372,0.010864530690014362,0.8932213097527985,0.10677869024720155,0.09434429556131363,0.020538974553346634,437159
idd_b1_mit-b1_guard_gt_risk_s256_j13387385,2026-07-10 23:15:34,idd,val,in_domain,student_skd,/scratch/gautschi/manors/hf_cache/hub/models--nvidia--mit-b1/snapshots/13ddceec4e8bdf401e7cd7acf5aebc526222518c,runs/mit-b1_skd_j9200315/student_skd.ckpt,skd,img_000037,/home/manors/Guardrail-Distillation/data/idd/leftImg8bit/val/132/954056_leftImg8bit.png,,0.3133603700678946,0.6866396299321054,0.953012228012085,0.9714345932006836,0.09038995206356049,0.07687018811702728,0.2084086835384369,0.9300733208656311,0.2269883155822754,-6.340609550476074,6.305655002593994,0.006265305448323488,0.03700549528002739,482658,9.585945459548384,22.491095296572894,33.423388784285635,0.1994937560489821,0.8005062439510179,157248,0.19462600206421898,0.805373997935781,17959,0.07824011147022247,0.0009243643144145608,32.82631025649607,0.4641295075416565,0.5358704924583435,0.5295117497444153,0.6612871885299683,0.0995737686753273,0.524872899055481,0.47512710094451904,0.586474597454071,0.6448785066604614,0.5280467867851257,0.524872899055481,0.47512710094451904,0.524872899055481,0.47512710094451904,0.3996566300908454,0.6003433699091546,0.9571787714958191,0.2971780052827438,0.7028219947172563,0.09768424923376162,0.3858150528114606,0.6141849471885394,0.19118905074724157,0.08629626002295077,0.08629626002295077,0.01969510316848755,0.015528593212366104,0.9137037399770492,0.08629626002295077,0.042761124670505524,0.002446867059916258,441692
idd_b1_mit-b1_guard_gt_risk_s256_j13387385,2026-07-10 23:15:34,idd,val,in_domain,student_skd,/scratch/gautschi/manors/hf_cache/hub/models--nvidia--mit-b1/snapshots/13ddceec4e8bdf401e7cd7acf5aebc526222518c,runs/mit-b1_skd_j9200315/student_skd.ckpt,skd,img_000038,/home/manors/Guardrail-Distillation/data/idd/leftImg8bit/val/132/996737_leftImg8bit.png,,0.367119278570783,0.6328807214292169,0.8789724707603455,0.9544448852539062,0.1127711609005928,0.1255131959915161,0.2651229798793793,0.8871279954910278,0.36986246705055237,-5.15770149230957,5.101418972015381,0.012352768331766129,0.059557221829891205,466778,9.585945459548384,22.491095296572894,33.423388784285635,0.33881662339298885,0.6611833766070112,135368,0.3705471935059861,0.6294528064940139,165688,0.1285768747329712,0.0019936494063585997,32.82631025649607,0.4713875651359558,0.5286124348640442,0.5166051387786865,0.6063892841339111,0.19227726757526398,0.5479217767715454,0.4520782232284546,0.6564623713493347,0.7043484449386597,0.5207924842834473,0.5479217767715454,0.4520782232284546,0.5479217767715454,0.4520782232284546,0.47976363609484607,0.5202363639051539,0.929690420627594,0.541508160091295,0.458491839908705,0.2026915366983062,0.6109737487170783,0.3890262512829217,0.24042655521109224,0.11264435752406299,0.11264435752406299,0.05622158944606781,0.00550368707627058,0.887355642475937,0.11264435752406299,0.07310327887535095,0.013019037432968616,405637
idd_b1_mit-b1_guard_gt_risk_s256_j13387385,2026-07-10 23:15:34,idd,val,in_domain,student_skd,/scratch/gautschi/manors/hf_cache/hub/models--nvidia--mit-b1/snapshots/13ddceec4e8bdf401e7cd7acf5aebc526222518c,runs/mit-b1_skd_j9200315/student_skd.ckpt,skd,img_000039,/home/manors/Guardrail-Distillation/data/idd/leftImg8bit/val/147/021720_leftImg8bit.png,,0.4232886075006924,0.5767113924993076,0.7525673508644104,0.9404991865158081,0.13136444985866547,0.15533536672592163,0.3016090989112854,0.8691016435623169,0.409627765417099,-5.524203777313232,5.449396133422852,0.01863216608762741,0.08550913631916046,487866,9.585945459548384,22.491095296572894,33.423388784285635,0.7810147917161467,0.21898520828385326,155514,0.39910952994730736,0.6008904700526927,77589,0.15817224979400635,0.002198506146669388,32.82631025649607,0.4712570309638977,0.5287429690361023,0.5629836320877075,0.6658216714859009,0.17852173745632172,0.5445122718811035,0.4554877281188965,0.6368988156318665,0.6841341853141785,0.531463623046875,0.5445122718811035,0.4554877281188965,0.5445122718811035,0.4554877281188965,0.5975353959658783,0.40246460403412165,0.811593770980835,0.897707305044706,0.10229269495529403,0.11669251332855923,0.6099500082310524,0.3900499917689476,0.21084047828374508,0.17424678846518593,0.17424678846518593,0.07680387794971466,0.017777422443032265,0.8257532115348141,0.17424678846518593,0.10204441845417023,0.02048308402299881,404778
idd_b1_mit-b1_guard_gt_risk_s256_j13387385,2026-07-10 23:15:34,idd,val,in_domain,student_skd,/scratch/gautschi/manors/hf_cache/hub/models--nvidia--mit-b1/snapshots/13ddceec4e8bdf401e7cd7acf5aebc526222518c,runs/mit-b1_skd_j9200315/student_skd.ckpt,skd,img_000040,/home/manors/Guardrail-Distillation/data/idd/leftImg8bit/val/153/731612_leftImg8bit.png,,0.3032226053476672,0.6967773946523328,0.9647023677825928,0.9810253977775574,0.08087150752544403,0.0512782521545887,0.1972983330488205,0.956917405128479,0.14483734965324402,-7.207564830780029,7.1833815574646,0.008080538362264633,0.026809392496943474,426828,27.477240189909935,16.681418055668473,34.889740170910954,1.0,0.0,174420,0.24675848777121312,0.7532415122287869,3635,0.05222616344690323,0.0007434682920575142,30.647058971226215,0.48165616393089294,0.5183438360691071,0.647398829460144,0.7229407429695129,0.059213221073150635,0.5147989392280579,0.48520106077194214,0.5445423722267151,0.6025565266609192,0.5390152931213379,0.5147989392280579,0.48520106077194214,0.5147989392280579,0.48520106077194214,0.36753469880576356,0.6324653011942365,0.9738981127738953,1.0,0.0,0.0,0.4978370518809725,0.5021629481190275,0.2510785641097594,0.0643120934580963,0.0643120934580963,0.01548398844897747,0.006288247182965279,0.9356879065419037,0.0643120934580963,0.03151386231184006,0.002523264614865184,403941
